Ion, Observed , Rel. , Aki, Ek ,J,,,,,,,,,,,,,
Si III , ,  ,1.91E+07,249 121.14  ,3,,,,,,,,,,,,,
Si II , ,  ,4.76E+06,126 545.4   , 1/2 ,,,,,,,,,,,,,
Si II , ,  ,4.75E+06,126 525.8   , 3/2 ,,,,,,,,,,,,,
Si III , ,  ,3.60E+07,254 584.6   ,4,,,,,,,,,,,,,
Si III , ,  ,2.61E+07,254 766.75  ,2,,,,,,,,,,,,,
 , , , , , ,,,,,,,,,,,,,
Si I ,201.097,30, , ,  ,,,,,,,,,,,,,
Si II , ,  ,3.31E+07,126 279.0   , 1/2 ,,,,,,,,,,,,,
Si II , ,  ,3.39E+07,126 236.4   , 3/2 ,,,,,,,,,,,,,
Si VI , ,  ,2.13E+04,1 182 894     , 1/2 ,,,,,,,,,,,,,
Si III , ,  ,2.49E+07,214 532.17  ,1,,,,,,,,,,,,,
 , , , , , ,,,,,,,,,,,,,
Si X , ,  ,1.10E+06,2 154 480     , 5/2 ,,,,,,,,,,,,,
Si XI , ,  ,1.02E+01,495 201     ,2,,,,,,,,,,,,,
Si XI , ,  ,1.66E-03,495 201     ,2,,,,,,,,,,,,,
Si I ,205.483,50, , ,  ,,,,,,,,,,,,,
Si I , ,  ,7.08E+07,54 871.031 ,1,,,,,,,,,,,,,
 , , , , , ,,,,,,,,,,,,,
Si II ,205.865,50, , ,  ,,,,,,,,,,,,,
Si II ,205.901,50, , ,  ,,,,,,,,,,,,,
Si I ,206.119,40, , ,  ,,,,,,,,,,,,,
Si II , ,  ,4.60E+06,113 976.72  , 3/2 ,,,,,,,,,,,,,
Si II , ,  ,4.59E+06,113 962.08  , 1/2 ,,,,,,,,,,,,,
 , , , , , ,,,,,,,,,,,,,
Si I ,206.552,30, , ,  ,,,,,,,,,,,,,
Si II ,207.202,200,9.60E+07,103 556.16  , 5/2 ,,,,,,,,,,,,,
Si II , ,  ,6.80E+06,103 556.16  , 5/2 ,,,,,,,,,,,,,
Si VI , ,  ,1.42E+04,1 182 311     , 3/2 ,,,,,,,,,,,,,
Si II ,207.27,200,1.00E+08,103 556.03  , 7/2 ,,,,,,,,,,,,,
 , , , , , ,,,,,,,,,,,,,
Si I , ,  ,4.59E+05,54 528.220 ,2,,,,,,,,,,,,,
Si III , ,  ,5.95E+07,249 774.48  ,2,,,,,,,,,,,,,
Si III , ,  ,6.30E+07,249 774.70  ,3,,,,,,,,,,,,,
Si III , ,  ,1.11E+07,249 774.48  ,2,,,,,,,,,,,,,
Si III , ,  ,7.09E+07,249 774.98  ,4,,,,,,,,,,,,,
 , , , , , ,,,,,,,,,,,,,
Si III , ,  ,7.90E+06,249 774.70  ,3,,,,,,,,,,,,,
Si III , ,  ,3.12E+05,249 774.48  ,2,,,,,,,,,,,,,
Si VI , ,  ,7.30E+06,1 089 547     , 3/2 ,,,,,,,,,,,,,
Si XI , ,  ,5.73E+06,2 558 230     ,1,,,,,,,,,,,,,
Si VI , ,  ,2.63E+06,1 089 547     , 3/2 ,,,,,,,,,,,,,
 , , , , , ,,,,,,,,,,,,,
Si I , ,  ,6.45E+06,54 313.818 ,1,,,,,,,,,,,,,
Si I , ,  ,2.73E+06,54 257.582 ,3,,,,,,,,,,,,,
Si X , ,  ,1.41E+07,2 153 700     , 3/2 ,,,,,,,,,,,,,
Si I , ,  ,3.26E+04,54 205.090 ,2,,,,,,,,,,,,,
Si I , ,  ,5.46E+05,54 185.264 ,1,,,,,,,,,,,,,
 , , , , , ,,,,,,,,,,,,,
Si VI , ,  ,1.58E+04,1 182 311     , 3/2 ,,,,,,,,,,,,,
Si VI , ,  ,1.56E+01,1 181 649     , 5/2 ,,,,,,,,,,,,,
Si I ,210.321, 30w , , ,  ,,,,,,,,,,,,,
Si I ,211.463,30, , ,  ,,,,,,,,,,,,,
Si VI , ,  ,1.99E+04,1 181 649     , 5/2 ,,,,,,,,,,,,,
 , , , , , ,,,,,,,,,,,,,
Si IV ,212.018,3,3.06E+08,265 417.95  , 1/2 ,,,,,,,,,,,,,
Si I , ,  ,3.57E+07,53 387.334 ,1,,,,,,,,,,,,,
Si I ,212.412,100,2.97E+08,53 362.24  ,3,,,,,,,,,,,,,
Si XI , ,  ,3.54E+06,2 332 050     ,2,,,,,,,,,,,,,
Si IV ,212.747,4,6.14E+08,265 417.95  , 1/2 ,,,,,,,,,,,,,
 , , , , , ,,,,,,,,,,,,,
Si II ,213.399, 10w , , ,  ,,,,,,,,,,,,,
Si II ,213.64, 30w , , ,  ,,,,,,,,,,,,,
Si II ,213.656, 50w , , ,  ,,,,,,,,,,,,,
Si VI , ,  ,7.96E+02,1 181 167     , 7/2 ,,,,,,,,,,,,,
Si XI , ,  ,5.21E+06,2 556 770     ,2,,,,,,,,,,,,,
 , , , , , ,,,,,,,,,,,,,
Si VII , ,  ,7.70E-03,46 569.8   ,2,,,,,,,,,,,,,
Si VII , ,  ,1.24E+01,46 569.8   ,2,,,,,,,,,,,,,
Si I ,214.791, 50w , , ,  ,,,,,,,,,,,,,
Si IX , ,  ,1.80E+01,52 925.9   ,2,,,,,,,,,,,,,
Si IX , ,  ,7.51E-03,52 925.9   ,2,,,,,,,,,,,,,
 , , , , , ,,,,,,,,,,,,,
Si VI , ,  ,7.49E+04,1 194 327     , 3/2 ,,,,,,,,,,,,,
Si III , ,  ,4.47E+05,245 086.58  ,3,,,,,,,,,,,,,
Si III , ,  ,1.57E+07,245 086.58  ,3,,,,,,,,,,,,,
Si III , ,  ,7.01E+07,250 366.22  ,3,,,,,,,,,,,,,
Si III , ,  ,2.18E+07,244 866.05  ,2,,,,,,,,,,,,,
 , , , , , ,,,,,,,,,,,,,
Si III ,217.689,5,1.80E+08,245 086.58  ,3,,,,,,,,,,,,,
Si XI , ,  ,8.25E+06,2 558 230     ,1,,,,,,,,,,,,,
Si III , ,  ,1.73E+08,244 866.05  ,2,,,,,,,,,,,,,
Si III , ,  ,1.95E+08,244 736.93  ,1,,,,,,,,,,,,,
Si IX , ,  ,9.78E-06,492 755     ,1,,,,,,,,,,,,,
 , , , , , ,,,,,,,,,,,,,
Si IX , ,  ,3.11E+01,492 755     ,1,,,,,,,,,,,,,
Si III , ,  ,1.30E+07,250 636.55  ,2,,,,,,,,,,,,,
Si VI , ,  ,2.49E+05,1 086 796     , 5/2 ,,,,,,,,,,,,,
Si VI , ,  ,6.85E+03,1 086 796     , 5/2 ,,,,,,,,,,,,,
Si VI , ,  ,2.71E+05,1 193 223     , 5/2 ,,,,,,,,,,,,,
 , , , , , ,,,,,,,,,,,,,
Si I , ,  ,4.68E-03,45 293.629 ,2,,,,,,,,,,,,,
Si I ,220.798,110,2.62E+07,45 276.188 ,1,,,,,,,,,,,,,
Si III , ,  ,2.08E+03,204 330.79  ,2,,,,,,,,,,,,,
Si I , ,  ,4.58E-03,45 321.848 ,3,,,,,,,,,,,,,
Si I ,221.089,115,3.46E+07,45 293.629 ,2,,,,,,,,,,,,,
 , , , , , ,,,,,,,,,,,,,
Si I ,221.174,110,1.81E+07,45 276.188 ,1,,,,,,,,,,,,,
Si IV , ,  ,6.88E+07,336 616.55  , 5/2 ,,,,,,,,,,,,,
Si IV , ,  ,4.91E+06,336 616.55  , 5/2 ,,,,,,,,,,,,,
Si IV , ,  ,7.37E+07,336 616.55  , 7/2 ,,,,,,,,,,,,,
Si I ,221.667,120,4.54E+07,45 321.848 ,3,,,,,,,,,,,,,
 , , , , , ,,,,,,,,,,,,,
Si I ,221.806,120,1.09E+07,45 293.629 ,2,,,,,,,,,,,,,
Si III , ,  ,4.22E+06,254 584.8   ,3,,,,,,,,,,,,,
Si I ,221.891,50,1.05E+06,45 276.188 ,1,,,,,,,,,,,,,
Si III , ,  ,3.68E+05,254 584.8   ,3,,,,,,,,,,,,,
Si III , ,  ,4.29E+06,254 584.8   ,4,,,,,,,,,,,,,
 , , , , , ,,,,,,,,,,,,,
Si III , ,  ,6.50E+07,249 817.94  ,4,,,,,,,,,,,,,
Si III , ,  ,4.57E+06,254 585.75  ,5,,,,,,,,,,,,,
Si III , ,  ,5.59E+03,254 584.8   ,3,,,,,,,,,,,,,
Si III , ,  ,2.86E+05,254 584.8   ,4,,,,,,,,,,,,,
Si II , ,  ,2.44E+07,121 590.19  , 3/2 ,,,,,,,,,,,,,
 , , , , , ,,,,,,,,,,,,,
Si XIII , ,  ,3.39E+08,(19 475 044)    ,2,,,,,,,,,,,,,
Si XIII , ,  ,3.38E+08,(19 474 987)    ,1,,,,,,,,,,,,,
Si XIII , ,  ,3.37E+08,(19 474 972)    ,0,,,,,,,,,,,,,
Si II , ,  ,2.41E+07,121 444.12  , 1/2 ,,,,,,,,,,,,,
Si III , ,  ,8.70E+07,258 978.66  ,0,,,,,,,,,,,,,
 , , , , , ,,,,,,,,,,,,,
Si XI , ,  ,1.35E+07,2 556 770     ,2,,,,,,,,,,,,,
Si XIII , ,  ,3.43E+08,(19 475 621)    ,1,,,,,,,,,,,,,
Si XI , ,  ,2.11E+01,495 201     ,2,,,,,,,,,,,,,
Si XI , ,  ,7.04E-03,495 201     ,2,,,,,,,,,,,,,
Si X , ,  ,1.15E+07,2 154 480     , 5/2 ,,,,,,,,,,,,,
 , , , , , ,,,,,,,,,,,,,
Si VI , ,  ,1.69E+05,1 194 327     , 3/2 ,,,,,,,,,,,,,
Si I , ,  ,3.56E+06,59 273.575 ,1,,,,,,,,,,,,,
Si I , ,  ,1.99E+01,59 191.072 ,2,,,,,,,,,,,,,
Si I , ,  ,1.83E+01,59 110.892 ,2,,,,,,,,,,,,,
Si IV ,228.704, 5w* ,6.41E+08,293 718.99  , 7/2 ,,,,,,,,,,,,,
 , , , , , ,,,,,,,,,,,,,
Si IV ,228.704, 5w* ,4.27E+07,293 718.99  , 5/2 ,,,,,,,,,,,,,
Si IV ,228.704, 5w* ,5.98E+08,293 718.99  , 5/2 ,,,,,,,,,,,,,
Si I ,229.103,35, , ,  ,,,,,,,,,,,,,
Si III ,229.548,6,6.69E+07,242 473.66  ,3,,,,,,,,,,,,,
Si III ,229.687,10, , ,  ,,,,,,,,,,,,,
 , , , , , ,,,,,,,,,,,,,
Si III ,230.093,8,5.80E+06,242 473.66  ,3,,,,,,,,,,,,,
Si X , ,  ,1.16E+06,2 153 700     , 3/2 ,,,,,,,,,,,,,
Si I ,230.306,55,3.48E+08,58 801.529 ,1,,,,,,,,,,,,,
Si III , ,  ,1.60E+05,244 943.31  ,2,,,,,,,,,,,,,
Si III , ,  ,2.41E+06,244 943.31  ,2,,,,,,,,,,,,,
 , , , , , ,,,,,,,,,,,,,
Si III , ,  ,1.35E+07,244 943.31  ,2,,,,,,,,,,,,,
Si III , ,  ,4.00E+06,244 933.36  ,1,,,,,,,,,,,,,
Si III , ,  ,1.20E+07,244 933.36  ,1,,,,,,,,,,,,,
Si III , ,  ,1.60E+07,244 928.72  ,0,,,,,,,,,,,,,
Si III ,230.819,10,7.16E+07,242 474.81  ,5,,,,,,,,,,,,,
 , , , , , ,,,,,,,,,,,,,
Si III , ,  ,4.48E+06,242 473.86  ,4,,,,,,,,,,,,,
Si III , ,  ,8.77E+04,242 473.66  ,3,,,,,,,,,,,,,
Si II , ,  ,4.02E+06,124 495.7   , 3/2 ,,,,,,,,,,,,,
Si II , ,  ,7.65E+06,124 495.7   , 3/2 ,,,,,,,,,,,,,
Si II , ,  ,5.01E+07,124 495.7   , 5/2 ,,,,,,,,,,,,,
 , , , , , ,,,,,,,,,,,,,
Si XI , ,  ,4.02E+07,2 285 040     ,1,,,,,,,,,,,,,
Si III , ,  ,4.32E+06,247 935.39  ,2,,,,,,,,,,,,,
Si II , ,  ,2.35E+01,42 932.62  , 3/2 ,,,,,,,,,,,,,
Si IV ,232.856, 2w , , ,  ,,,,,,,,,,,,,
Si XIII , ,  ,8.03E+07,(19 474 174)    ,1,,,,,,,,,,,,,
 , , , , , ,,,,,,,,,,,,,
Si III , ,  ,3.16E+07,247 935.39  ,2,,,,,,,,,,,,,
Si XIII , ,  ,2.41E+08,(19 474 174)    ,1,,,,,,,,,,,,,
Si XIII , ,  ,6.90E+08,(19 474 981)    ,0,,,,,,,,,,,,,
Si II ,233.44,30,5.51E+03,42 824.29  , 1/2 ,,,,,,,,,,,,,
Si XIII , ,  ,3.98E+08,(19 474 174)    ,1,,,,,,,,,,,,,
 , , , , , ,,,,,,,,,,,,,
Si II ,233.461,30,2.44E+03,43 107.91  , 5/2 ,,,,,,,,,,,,,
Si II ,234.42,10,1.31E+03,42 932.62  , 3/2 ,,,,,,,,,,,,,
Si II ,234.954, 10w , , ,  ,,,,,,,,,,,,,
Si VII , ,  ,7.28E-04,46 569.8   ,2,,,,,,,,,,,,,
Si VII , ,  ,3.15E+00,46 569.8   ,2,,,,,,,,,,,,,
 , , , , , ,,,,,,,,,,,,,
Si II ,235.017,20,4.70E+03,42 824.29  , 1/2 ,,,,,,,,,,,,,
Si III , ,  ,2.02E-03,201 598.28  ,2,,,,,,,,,,,,,
Si III , ,  ,1.88E-11,201 597.73  ,1,,,,,,,,,,,,,
Si II ,235.309, 20w , , ,  ,,,,,,,,,,,,,
Si II ,235.63, 100w , , ,  ,,,,,,,,,,,,,
 , , , , , ,,,,,,,,,,,,,
Si II ,235.718, 30w , , ,  ,,,,,,,,,,,,,
Si II ,235.797, 50w , , ,  ,,,,,,,,,,,,,
Si II ,236.02, 10w , , ,  ,,,,,,,,,,,,,
Si IV , ,  ,2.65E+05,336 051.55  , 5/2 ,,,,,,,,,,,,,
Si IV , ,  ,5.58E+06,336 051.55  , 3/2 ,,,,,,,,,,,,,
 , , , , , ,,,,,,,,,,,,,
Si IV , ,  ,5.31E+06,336 051.55  , 5/2 ,,,,,,,,,,,,,
Si IV ,236.676,2,5.18E+07,318 742.79  , 1/2 ,,,,,,,,,,,,,
Si II ,236.697,30, , ,  ,,,,,,,,,,,,,
Si IV ,237.099,3,1.04E+08,318 742.79  , 1/2 ,,,,,,,,,,,,,
Si II ,237.426,20, , ,  ,,,,,,,,,,,,,
 , , , , , ,,,,,,,,,,,,,
Si VI , ,  ,9.16E+03,1 083 003     , 1/2 ,,,,,,,,,,,,,
Si III , ,  ,4.64E+04,240 314.63  ,3,,,,,,,,,,,,,
Si III , ,  ,2.29E+06,240 284.28  ,2,,,,,,,,,,,,,
Si III , ,  ,2.05E+07,240 262.28  ,1,,,,,,,,,,,,,
Si III , ,  ,1.64E+06,240 314.63  ,3,,,,,,,,,,,,,
 , , , , , ,,,,,,,,,,,,,
Si IV , ,  ,2.45E+06,332 759.92  , 3/2 ,,,,,,,,,,,,,
Si IV , ,  ,2.21E+07,332 759.92  , 3/2 ,,,,,,,,,,,,,
Si III , ,  ,1.81E+07,240 284.28  ,2,,,,,,,,,,,,,
Si IV , ,  ,2.44E+07,332 743.87  , 1/2 ,,,,,,,,,,,,,
Si II , ,  ,1.36E+01,84 004.26  , 3/2 ,,,,,,,,,,,,,
 , , , , , ,,,,,,,,,,,,,
Si II , ,  ,1.36E-03,84 004.26  , 3/2 ,,,,,,,,,,,,,
Si II ,242.845, 10w , , ,  ,,,,,,,,,,,,,
Si III , ,  ,1.86E+07,240 314.63  ,3,,,,,,,,,,,,,
Si II , ,  ,2.84E-03,84 004.26  , 3/2 ,,,,,,,,,,,,,
Si I ,243.515,300,4.43E+07,47 351.554 ,2,,,,,,,,,,,,,
 , , , , , ,,,,,,,,,,,,,
Si VII , ,  ,2.15E-04,46 569.8   ,2,,,,,,,,,,,,,
Si I ,243.877,65,7.91E+05,40 991.884 ,1,,,,,,,,,,,,,
Si II , ,  ,5.22E-03,83 801.95  , 1/2 ,,,,,,,,,,,,,
Si II , ,  ,3.47E+07,122 163.48  , 3/2 ,,,,,,,,,,,,,
Si I ,244.336,65,6.28E+05,40 991.884 ,1,,,,,,,,,,,,,
 , , , , , ,,,,,,,,,,,,,
Si II , ,  ,1.07E+07,122 163.54  , 5/2 ,,,,,,,,,,,,,
Si II , ,  ,1.79E+06,122 163.48  , 3/2 ,,,,,,,,,,,,,
Si II , ,  ,3.56E-03,84 004.26  , 3/2 ,,,,,,,,,,,,,
Si II , ,  ,3.00E+00,83 801.95  , 1/2 ,,,,,,,,,,,,,
Si III , ,  ,9.73E+07,242 410.88  ,2,,,,,,,,,,,,,
 , , , , , ,,,,,,,,,,,,,
Si III , ,  ,1.03E+08,242 411.27  ,3,,,,,,,,,,,,,
Si III ,244.948,11,1.81E+07,242 410.88  ,2,,,,,,,,,,,,,
Si III , ,  ,1.16E+08,242 411.70  ,4,,,,,,,,,,,,,
Si III , ,  ,1.29E+07,242 411.27  ,3,,,,,,,,,,,,,
Si III , ,  ,5.12E+05,242 410.88  ,2,,,,,,,,,,,,,
 , , , , , ,,,,,,,,,,,,,
Si VI , ,  ,9.91E+03,1 082 215     , 3/2 ,,,,,,,,,,,,,
Si I ,245.212,70,5.81E+05,40 991.884 ,1,,,,,,,,,,,,,
Si VI , ,  ,1.45E+04,1 082 215     , 3/2 ,,,,,,,,,,,,,
Si II , ,  ,2.58E+01,83 801.95  , 1/2 ,,,,,,,,,,,,,
Si III , ,  ,1.99E+07,244 871.47  ,1,,,,,,,,,,,,,
 , , , , , ,,,,,,,,,,,,,
Si III , ,  ,1.31E+07,249 817.32  ,3,,,,,,,,,,,,,
Si IV ,248.282,2,6.62E+06,305 682.27  , 3/2 ,,,,,,,,,,,,,
Si III ,248.32,6,1.33E+07,249 817.85  ,4,,,,,,,,,,,,,
Si III , ,  ,1.15E+06,249 817.32  ,3,,,,,,,,,,,,,
Si VII , ,  ,1.48E+07,1 631 160     ,3,,,,,,,,,,,,,
 , , , , , ,,,,,,,,,,,,,
Si IV ,248.538,1,7.06E+06,305 641.10  , 1/2 ,,,,,,,,,,,,,
Si III , ,  ,1.41E+07,249 818.93  ,5,,,,,,,,,,,,,
Si III , ,  ,8.86E+05,249 817.85  ,4,,,,,,,,,,,,,
Si III , ,  ,1.73E+04,249 817.32  ,3,,,,,,,,,,,,,
Si II , ,  ,1.13E+07,119 311.34  , 5/2 ,,,,,,,,,,,,,
 , , , , , ,,,,,,,,,,,,,
Si II , ,  ,8.07E+05,119 311.34  , 5/2 ,,,,,,,,,,,,,
Si II , ,  ,1.21E+07,119 311.19  , 7/2 ,,,,,,,,,,,,,
Si II , ,  ,5.48E+06,119 273.81  , 3/2 ,,,,,,,,,,,,,
Si II , ,  ,4.92E+07,119 273.81  , 3/2 ,,,,,,,,,,,,,
Si II , ,  ,5.36E+07,119 245.22  , 1/2 ,,,,,,,,,,,,,
 , , , , , ,,,,,,,,,,,,,
Si I ,250.69,425,5.47E+07,39 955.053 ,2,,,,,,,,,,,,,
Si I ,251.432,375,7.39E+07,39 760.285 ,1,,,,,,,,,,,,,
Si I ,251.6113,500,1.68E+08,39 955.053 ,2,,,,,,,,,,,,,
Si IV ,251.751,7, , ,  ,,,,,,,,,,,,,
Si I ,251.9202,350,5.49E+07,39 760.285 ,1,,,,,,,,,,,,,
 , , , , , ,,,,,,,,,,,,,
Si I ,252.4108,425,2.22E+08,39 683.163 ,0,,,,,,,,,,,,,
Si III , ,  ,9.16E+07,243 868.50  ,3,,,,,,,,,,,,,
Si I ,252.8509,450,9.04E+07,39 760.285 ,1,,,,,,,,,,,,,
Si I ,253.2381,110,2.45E+07,54 871.031 ,1,,,,,,,,,,,,,
Si III ,254.182,25,3.22E+07,122 214.52  ,2,,,,,,,,,,,,,
 , , , , , ,,,,,,,,,,,,,
Si VI , ,  ,9.31E+03,1 080 700     , 5/2 ,,,,,,,,,,,,,
Si III ,254.609,10,6.10E+07,205 029.09  ,2,,,,,,,,,,,,,
Si VI , ,  ,2.30E+03,1 080 700     , 5/2 ,,,,,,,,,,,,,
Si III ,255.921,14,1.63E+08,204 828.06  ,3,,,,,,,,,,,,,
Si I , ,  ,4.62E-03,45 321.848 ,3,,,,,,,,,,,,,
 , , , , , ,,,,,,,,,,,,,
Si I ,256.3679,30,4.20E-03,45 293.629 ,2,,,,,,,,,,,,,
Si I , ,  ,1.78E-03,45 276.188 ,1,,,,,,,,,,,,,
Si I ,256.8641,85,4.24E+06,54 313.818 ,1,,,,,,,,,,,,,
Si I ,257.7151,45, , ,  ,,,,,,,,,,,,,
Si II , ,  ,1.56E+02,81 251.32  , 3/2 ,,,,,,,,,,,,,
 , , , , , ,,,,,,,,,,,,,
Si II , ,  ,1.33E+06,103 885.25  , 3/2 ,,,,,,,,,,,,,
Si II , ,  ,2.51E+02,81 191.34  , 1/2 ,,,,,,,,,,,,,
Si II , ,  ,1.33E+06,103 860.74  , 1/2 ,,,,,,,,,,,,,
Si II , ,  ,2.29E+01,81 251.32  , 3/2 ,,,,,,,,,,,,,
Si II , ,  ,9.22E+02,81 191.34  , 1/2 ,,,,,,,,,,,,,
 , , , , , ,,,,,,,,,,,,,
Si II , ,  ,4.47E+03,81 251.32  , 3/2 ,,,,,,,,,,,,,
Si I ,263.1282,190,1.06E+08,53 387.334 ,1,,,,,,,,,,,,,
Si III ,264.079,11,1.83E+08,242 885.30  ,1,,,,,,,,,,,,,
Si II , ,  ,8.48E+06,121 590.19  , 3/2 ,,,,,,,,,,,,,
Si III ,265.551,14,1.35E+08,242 474.27  ,4,,,,,,,,,,,,,
 , , , , , ,,,,,,,,,,,,,
Si II , ,  ,3.36E+07,121 444.12  , 1/2 ,,,,,,,,,,,,,
Si II , ,  ,4.17E+07,121 590.19  , 3/2 ,,,,,,,,,,,,,
Si VI , ,  ,3.54E+03,1 078 935     , 7/2 ,,,,,,,,,,,,,
Si II , ,  ,1.65E+07,121 444.12  , 1/2 ,,,,,,,,,,,,,
Si IV ,267.219,1,2.49E+06,313 914.92  , 3/2 ,,,,,,,,,,,,,
 , , , , , ,,,,,,,,,,,,,
Si IV , ,  ,1.30E+06,291 497.60  , 5/2 ,,,,,,,,,,,,,
Si IV ,267.512,4,2.74E+07,291 497.50  , 3/2 ,,,,,,,,,,,,,
Si IV ,267.525,4,2.61E+07,291 497.60  , 5/2 ,,,,,,,,,,,,,
Si IV ,267.757,1,4.51E+05,313 914.92  , 3/2 ,,,,,,,,,,,,,
Si II , ,  ,1.77E+07,118 522.86  , 3/2 ,,,,,,,,,,,,,
 , , , , , ,,,,,,,,,,,,,
Si II ,268.221, 10w ,3.49E+06,118 522.86  , 3/2 ,,,,,,,,,,,,,
Si XI , ,  ,2.55E+07,2 549 470     ,3,,,,,,,,,,,,,
Si XI , ,  ,1.89E+07,2 547 100     ,2,,,,,,,,,,,,,
Si III , ,  ,2.99E+02,159 069.61  ,0,,,,,,,,,,,,,
Si V , ,  ,5.50E+08,1 164 645     ,4,,,,,,,,,,,,,
 , , , , , ,,,,,,,,,,,,,
Si II , ,  ,1.56E+07,117 914.80  , 1/2 ,,,,,,,,,,,,,
Si VIII , ,  ,1.66E-01,105 890     , 3/2 ,,,,,,,,,,,,,
Si VIII , ,  ,2.10E+01,105 890     , 3/2 ,,,,,,,,,,,,,
Si IV , ,  ,1.03E+08,328 200.04  , 5/2 ,,,,,,,,,,,,,
Si IV ,272.381, 3w* ,1.10E+08,328 200.04  , 7/2 ,,,,,,,,,,,,,
 , , , , , ,,,,,,,,,,,,,
Si IV ,272.381, 3w* ,7.34E+06,328 200.04  , 5/2 ,,,,,,,,,,,,,
Si II , ,  ,3.17E+07,117 914.80  , 1/2 ,,,,,,,,,,,,,
Si II , ,  ,1.30E+00,79 355.02  , 5/2 ,,,,,,,,,,,,,
Si II , ,  ,1.28E+00,79 338.50  , 3/2 ,,,,,,,,,,,,,
Si VIII , ,  ,3.97E-01,105 890     , 3/2 ,,,,,,,,,,,,,
 , , , , , ,,,,,,,,,,,,,
Si VIII , ,  ,1.17E+01,105 890     , 3/2 ,,,,,,,,,,,,,
Si VII , ,  ,1.18E+06,1 502 880     ,1,,,,,,,,,,,,,
Si VIII , ,  ,3.30E-01,105 348     , 1/2 ,,,,,,,,,,,,,
Si VIII , ,  ,1.26E+01,105 348     , 1/2 ,,,,,,,,,,,,,
Si III , ,  ,6.16E+06,250 636.55  ,2,,,,,,,,,,,,,
 , , , , , ,,,,,,,,,,,,,
Si III , ,  ,6.25E-03,165 765.00  ,2,,,,,,,,,,,,,
Si VIII , ,  ,2.14E-01,105 348     , 1/2 ,,,,,,,,,,,,,
Si III , ,  ,4.56E-03,165 765.00  ,2,,,,,,,,,,,,,
Si III , ,  ,1.06E-04,165 765.00  ,2,,,,,,,,,,,,,
Si III , ,  ,1.01E-05,201 599.48  ,3,,,,,,,,,,,,,
 , , , , , ,,,,,,,,,,,,,
Si III , ,  ,2.90E-05,201 599.48  ,3,,,,,,,,,,,,,
Si III , ,  ,7.37E-06,201 598.28  ,2,,,,,,,,,,,,,
Si III , ,  ,3.38E-04,201 598.28  ,2,,,,,,,,,,,,,
Si III , ,  ,6.62E-05,201 597.73  ,1,,,,,,,,,,,,,
Si III , ,  ,1.43E-05,201 597.73  ,1,,,,,,,,,,,,,
 , , , , , ,,,,,,,,,,,,,
Si III , ,  ,8.21E+05,240 549.77  ,2,,,,,,,,,,,,,
Si X , ,  ,4.93E+06,2 066 750     , 3/2 ,,,,,,,,,,,,,
Si III , ,  ,8.85E-03,165 765.00  ,2,,,,,,,,,,,,,
Si III , ,  ,1.34E-02,165 765.00  ,2,,,,,,,,,,,,,
Si III , ,  ,5.47E+04,245 086.58  ,3,,,,,,,,,,,,,
 , , , , , ,,,,,,,,,,,,,
Si III , ,  ,1.94E+06,245 086.58  ,3,,,,,,,,,,,,,
Si III , ,  ,1.20E+06,240 549.77  ,2,,,,,,,,,,,,,
Si III ,281.711,9,2.22E+07,245 086.58  ,3,,,,,,,,,,,,,
Si III , ,  ,2.66E+06,244 866.05  ,2,,,,,,,,,,,,,
Si III , ,  ,3.07E+07,249 857.26  ,0,,,,,,,,,,,,,
 , , , , , ,,,,,,,,,,,,,
Si III ,283.149,7,2.12E+07,244 866.05  ,2,,,,,,,,,,,,,
Si III ,283.962,5,2.37E+07,244 736.93  ,1,,,,,,,,,,,,,
Si VI , ,  ,8.35E+02,1 182 894     , 1/2 ,,,,,,,,,,,,,
Si III , ,  ,4.02E+07,249 766.19  ,1,,,,,,,,,,,,,
Si III , ,  ,2.41E+07,249 766.19  ,1,,,,,,,,,,,,,
 , , , , , ,,,,,,,,,,,,,
Si III , ,  ,8.04E+06,249 766.19  ,1,,,,,,,,,,,,,
Si XI , ,  ,5.23E+06,2 547 100     ,2,,,,,,,,,,,,,
Si I ,288.1579,1000,2.17E+08,40 991.884 ,1,,,,,,,,,,,,,
Si II , ,  ,7.08E+05,113 976.72  , 3/2 ,,,,,,,,,,,,,
Si II , ,  ,8.38E+06,113 962.08  , 1/2 ,,,,,,,,,,,,,
 , , , , , ,,,,,,,,,,,,,
Si II ,288.751, 10w ,6.39E+06,113 976.72  , 3/2 ,,,,,,,,,,,,,
Si IV ,289.513, 3w , , ,  ,,,,,,,,,,,,,
Si II ,290.428,300,3.58E+07,113 760.32  , 5/2 ,,,,,,,,,,,,,
Si IV ,290.447, 2w , , ,  ,,,,,,,,,,,,,
Si VI , ,  ,4.35E+03,1 182 311     , 3/2 ,,,,,,,,,,,,,
 , , , , , ,,,,,,,,,,,,,
Si II , ,  ,2.55E+06,113 760.32  , 5/2 ,,,,,,,,,,,,,
Si II ,290.569,500,3.83E+07,113 760.15  , 7/2 ,,,,,,,,,,,,,
Si III , ,  ,4.47E+02,209 531.40  ,2,,,,,,,,,,,,,
Si III , ,  ,6.33E+02,209 559.33  ,3,,,,,,,,,,,,,
Si III , ,  ,4.44E+02,209 531.40  ,2,,,,,,,,,,,,,
 , , , , , ,,,,,,,,,,,,,
Si III , ,  ,9.40E+02,209 599.70  ,4,,,,,,,,,,,,,
Si III , ,  ,3.14E+02,209 559.33  ,3,,,,,,,,,,,,,
Si III , ,  ,6.30E+01,209 531.40  ,2,,,,,,,,,,,,,
Si III , ,  ,4.89E+06,249 121.14  ,3,,,,,,,,,,,,,
Si III , ,  ,1.22E+06,249 103.90  ,2,,,,,,,,,,,,,
 , , , , , ,,,,,,,,,,,,,
Si III , ,  ,3.66E+06,249 103.90  ,2,,,,,,,,,,,,,
Si III , ,  ,1.36E+05,249 093.5   ,1,,,,,,,,,,,,,
Si III , ,  ,2.03E+06,249 093.5   ,1,,,,,,,,,,,,,
Si III , ,  ,2.71E+06,249 093.5   ,1,,,,,,,,,,,,,
Si XIII , ,  ,2.48E+07,(17 580 924)    ,2,,,,,,,,,,,,,
 , , , , , ,,,,,,,,,,,,,
Si II , ,  ,1.47E-02,76 665.35  , 1/2 ,,,,,,,,,,,,,
Si III ,295.915,5,1.48E+07,248 772.86  ,1,,,,,,,,,,,,,
Si III , ,  ,8.90E+06,248 772.86  ,1,,,,,,,,,,,,,
Si III , ,  ,2.97E+06,248 772.86  ,1,,,,,,,,,,,,,
Si VI , ,  ,5.74E+03,1 181 649     , 5/2 ,,,,,,,,,,,,,
 , , , , , ,,,,,,,,,,,,,
Si II , ,  ,6.15E+00,76 665.35  , 1/2 ,,,,,,,,,,,,,
Si II , ,  ,7.13E-02,76 665.35  , 1/2 ,,,,,,,,,,,,,
Si I ,297.0355,55,6.00E+04,39 955.053 ,2,,,,,,,,,,,,,
Si IV ,297.152, 1w* ,9.24E+06,327 361.97  , 5/2 ,,,,,,,,,,,,,
Si IV ,297.152, 1w* ,9.70E+06,327 361.97  , 3/2 ,,,,,,,,,,,,,
 , , , , , ,,,,,,,,,,,,,
Si IV ,297.152, 1w* ,4.62E+05,327 361.97  , 5/2 ,,,,,,,,,,,,,
Si II , ,  ,5.44E+01,76 665.35  , 1/2 ,,,,,,,,,,,,,
Si III ,298.052,5,2.37E+05,176 487.19  ,1,,,,,,,,,,,,,
Si III , ,  ,8.24E+04,176 487.19  ,1,,,,,,,,,,,,,
Si X , ,  ,1.64E+07,2 064 590     , 1/2 ,,,,,,,,,,,,,
 , , , , , ,,,,,,,,,,,,,
Si I ,298.7645,150,2.66E+06,39 760.285 ,1,,,,,,,,,,,,,
Si III , ,  ,4.15E+05,247 935.39  ,2,,,,,,,,,,,,,
Si I , ,  ,6.57E-04,33 326.053 ,2,,,,,,,,,,,,,
Si I , ,  ,1.45E-03,33 326.053 ,2,,,,,,,,,,,,,
Si I ,300.6739,50,1.10E+03,33 326.053 ,2,,,,,,,,,,,,,
 , , , , , ,,,,,,,,,,,,,
Si III ,301.309,5,5.67E+06,248 168.04  ,2,,,,,,,,,,,,,
Si III , ,  ,1.89E+06,248 168.04  ,2,,,,,,,,,,,,,
Si I ,302.0004,75,3.30E+03,33 326.053 ,2,,,,,,,,,,,,,
Si I , ,  ,1.09E-03,33 326.053 ,2,,,,,,,,,,,,,
Si II ,302.155, 20w , , ,  ,,,,,,,,,,,,,
 , , , , , ,,,,,,,,,,,,,
Si IV , ,  ,2.58E+06,332 759.92  , 3/2 ,,,,,,,,,,,,,
Si III , ,  ,1.35E+00,209 559.33  ,3,,,,,,,,,,,,,
Si IV , ,  ,2.71E+06,332 743.87  , 1/2 ,,,,,,,,,,,,,
Si III , ,  ,7.11E-01,209 531.40  ,2,,,,,,,,,,,,,
Si II ,303, 100w , , ,  ,,,,,,,,,,,,,
 , , , , , ,,,,,,,,,,,,,
Si VII , ,  ,1.75E+05,1 499 470     ,2,,,,,,,,,,,,,
Si III , ,  ,3.09E+06,247 953.69  ,1,,,,,,,,,,,,,
Si III , ,  ,1.85E+06,247 953.69  ,1,,,,,,,,,,,,,
Si III , ,  ,2.46E+06,247 953.69  ,1,,,,,,,,,,,,,
Si III ,303.473,6,4.50E+07,242 473.66  ,3,,,,,,,,,,,,,
 , , , , , ,,,,,,,,,,,,,
Si III ,303.729,8,3.93E+06,242 473.66  ,3,,,,,,,,,,,,,
Si III , ,  ,7.35E+06,247 871.66  ,0,,,,,,,,,,,,,
Si III ,304.093,9,4.87E+07,242 474.81  ,5,,,,,,,,,,,,,
Si III , ,  ,3.05E+06,242 473.86  ,4,,,,,,,,,,,,,
Si III , ,  ,5.97E+04,242 473.66  ,3,,,,,,,,,,,,,
 , , , , , ,,,,,,,,,,,,,
Si II ,304.157, 20w , , ,  ,,,,,,,,,,,,,
Si II ,304.219, 30w , , ,  ,,,,,,,,,,,,,
Si II ,304.369, 100w , , ,  ,,,,,,,,,,,,,
Si III , ,  ,2.99E+05,234 442.18  ,2,,,,,,,,,,,,,
Si III , ,  ,4.48E+06,234 442.18  ,2,,,,,,,,,,,,,
 , , , , , ,,,,,,,,,,,,,
Si II ,304.385, 10w , , ,  ,,,,,,,,,,,,,
Si III ,304.393,7,2.51E+07,234 442.18  ,2,,,,,,,,,,,,,
Si III , ,  ,7.48E+06,234 428.40  ,1,,,,,,,,,,,,,
Si III ,304.508,5,2.24E+07,234 428.40  ,1,,,,,,,,,,,,,
Si II ,304.577, 10w , , ,  ,,,,,,,,,,,,,
 , , , , , ,,,,,,,,,,,,,
Si III , ,  ,2.97E+07,234 415.07  ,0,,,,,,,,,,,,,
Si II ,304.83, 50w , , ,  ,,,,,,,,,,,,,
Si II ,305.318, 150w , , ,  ,,,,,,,,,,,,,
Si VI , ,  ,1.71E+03,1 182 894     , 1/2 ,,,,,,,,,,,,,
Si III ,306.824,7,5.15E+07,248 772.86  ,1,,,,,,,,,,,,,
 , , , , , ,,,,,,,,,,,,,
Si III , ,  ,3.06E+07,248 772.86  ,1,,,,,,,,,,,,,
Si III , ,  ,1.01E+07,248 772.86  ,1,,,,,,,,,,,,,
Si III ,308.624,25,1.46E+08,175 336.26  ,2,,,,,,,,,,,,,
Si III ,308.646,6,2.61E+07,175 336.26  ,2,,,,,,,,,,,,,
Si III , ,  ,1.74E+06,175 336.26  ,2,,,,,,,,,,,,,
 , , , , , ,,,,,,,,,,,,,
Si III ,309.342,20,1.30E+08,175 263.10  ,1,,,,,,,,,,,,,
Si III ,309.365,5,4.33E+07,175 263.10  ,1,,,,,,,,,,,,,
Si III ,309.683,16,1.73E+08,175 230.01  ,0,,,,,,,,,,,,,
Si VII , ,  ,9.03E+05,1 499 470     ,2,,,,,,,,,,,,,
Si VI , ,  ,4.77E+03,1 182 311     , 3/2 ,,,,,,,,,,,,,
 , , , , , ,,,,,,,,,,,,,
Si III ,312.627,6,4.67E+07,248 168.04  ,2,,,,,,,,,,,,,
Si III , ,  ,1.54E+07,248 168.04  ,2,,,,,,,,,,,,,
Si XIII , ,  ,2.05E+07,(17 578 803)    ,1,,,,,,,,,,,,,
Si VIII , ,  ,2.62E+03,1 660 490     , 5/2 ,,,,,,,,,,,,,
Si III ,314.737,7,2.53E+07,247 953.69  ,1,,,,,,,,,,,,,
 , , , , , ,,,,,,,,,,,,,
Si IV , ,  ,1.80E-04,250 008.14  , 3/2 ,,,,,,,,,,,,,
Si IV ,314.956,7,4.02E+08,250 008.14  , 3/2 ,,,,,,,,,,,,,
Si IV , ,  ,1.28E-03,250 008.02  , 5/2 ,,,,,,,,,,,,,
Si III , ,  ,1.51E+07,247 953.69  ,1,,,,,,,,,,,,,
Si III ,316.161,8,4.91E+07,235 951.09  ,1,,,,,,,,,,,,,
 , , , , , ,,,,,,,,,,,,,
Si III , ,  ,2.00E+07,247 953.69  ,1,,,,,,,,,,,,,
Si III , ,  ,5.99E+07,247 871.66  ,0,,,,,,,,,,,,,
Si IV , ,  ,5.27E-11,250 008.14  , 3/2 ,,,,,,,,,,,,,
Si IV , ,  ,7.95E+07,250 008.14  , 3/2 ,,,,,,,,,,,,,
Si IV , ,  ,6.80E-03,250 008.02  , 5/2 ,,,,,,,,,,,,,
 , , , , , ,,,,,,,,,,,,,
Si IV ,316.571,9,4.77E+08,250 008.02  , 5/2 ,,,,,,,,,,,,,
Si III ,318.513,16,4.04E+08,207 874.09  ,0,,,,,,,,,,,,,
Si III ,318.602,13,1.13E+08,230 301.22  ,3,,,,,,,,,,,,,
Si II ,318.897,150, , ,  ,,,,,,,,,,,,,
Si II ,319.225,50, , ,  ,,,,,,,,,,,,,
 , , , , , ,,,,,,,,,,,,,
Si II ,319.309,150, , ,  ,,,,,,,,,,,,,
Si II ,319.421,50, , ,  ,,,,,,,,,,,,,
Si XIII , ,  ,1.94E+07,(17 578 252)    ,0,,,,,,,,,,,,,
Si II ,319.469,50, , ,  ,,,,,,,,,,,,,
Si II ,319.541,100, , ,  ,,,,,,,,,,,,,
 , , , , , ,,,,,,,,,,,,,
Si III ,319.65,14,1.14E+08,230 301.66  ,4,,,,,,,,,,,,,
Si III , ,  ,9.79E+06,230 301.22  ,3,,,,,,,,,,,,,
Si II ,319.951,200, , ,  ,,,,,,,,,,,,,
Si II ,320.249,20, , ,  ,,,,,,,,,,,,,
Si II ,320.387, 100w ,4.45E+07,112 394.56  , 3/2 ,,,,,,,,,,,,,
 , , , , , ,,,,,,,,,,,,,
Si II ,321.003, 200w ,5.29E+07,112 394.72  , 5/2 ,,,,,,,,,,,,,
Si II , ,  ,8.82E+06,112 394.56  , 3/2 ,,,,,,,,,,,,,
Si III ,321.055,15,1.20E+08,230 302.35  ,5,,,,,,,,,,,,,
Si III , ,  ,7.50E+06,230 301.66  ,4,,,,,,,,,,,,,
Si III , ,  ,1.47E+05,230 301.22  ,3,,,,,,,,,,,,,
 , , , , , ,,,,,,,,,,,,,
Si II ,321.466,75, , ,  ,,,,,,,,,,,,,
Si III ,321.625,7,1.90E+07,235 413.93  ,3,,,,,,,,,,,,,
Si II ,321.799, 15w , , ,  ,,,,,,,,,,,,,
Si II ,322.044,10, , ,  ,,,,,,,,,,,,,
Si II ,322.301,20, , ,  ,,,,,,,,,,,,,
 , , , , , ,,,,,,,,,,,,,
Si III ,323.05,12,4.75E+07,206 176.08  ,1,,,,,,,,,,,,,
Si III ,323.395,14,1.42E+08,206 176.08  ,1,,,,,,,,,,,,,
Si X , ,  ,1.60E+07,2 066 750     , 3/2 ,,,,,,,,,,,,,
Si IV , ,  ,4.23E+06,322 337.83  , 3/2 ,,,,,,,,,,,,,
Si IV , ,  ,3.80E+07,322 337.83  , 3/2 ,,,,,,,,,,,,,
 , , , , , ,,,,,,,,,,,,,
Si III ,324.162,15,2.35E+08,206 176.08  ,1,,,,,,,,,,,,,
Si IV ,324.419, 1w ,4.21E+07,322 312.93  , 1/2 ,,,,,,,,,,,,,
Si III , ,  ,4.46E+04,240 314.63  ,3,,,,,,,,,,,,,
Si III , ,  ,1.22E+06,248 168.04  ,2,,,,,,,,,,,,,
Si III , ,  ,1.58E+06,240 314.63  ,3,,,,,,,,,,,,,
 , , , , , ,,,,,,,,,,,,,
Si III , ,  ,2.21E+06,240 284.28  ,2,,,,,,,,,,,,,
Si III , ,  ,1.37E+07,257 831.4   ,2,,,,,,,,,,,,,
Si III , ,  ,2.54E+06,257 831.4   ,2,,,,,,,,,,,,,
Si III , ,  ,1.45E+07,257 831.4   ,3,,,,,,,,,,,,,
Si III , ,  ,7.18E+04,257 831.4   ,2,,,,,,,,,,,,,
 , , , , , ,,,,,,,,,,,,,
Si III , ,  ,1.63E+07,257 831.4   ,4,,,,,,,,,,,,,
Si III , ,  ,1.82E+06,257 831.4   ,3,,,,,,,,,,,,,
Si III , ,  ,1.97E+07,240 262.28  ,1,,,,,,,,,,,,,
Si III ,325.34,7,1.82E+07,248 168.04  ,2,,,,,,,,,,,,,
Si III ,325.374,5,1.75E+07,240 284.28  ,2,,,,,,,,,,,,,
 , , , , , ,,,,,,,,,,,,,
Si III ,325.48,7,1.81E+07,240 314.63  ,3,,,,,,,,,,,,,
Si III ,325.866,12,1.01E+08,248 168.04  ,2,,,,,,,,,,,,,
Si VIII , ,  ,1.99E+02,1 659 320     , 3/2 ,,,,,,,,,,,,,
Si III ,327.046,6,2.99E+07,247 953.69  ,1,,,,,,,,,,,,,
Si III ,327.626,10,8.91E+07,247 953.69  ,1,,,,,,,,,,,,,
 , , , , , ,,,,,,,,,,,,,
Si III ,327.926,7,1.18E+08,247 871.66  ,0,,,,,,,,,,,,,
Si IV , ,  ,1.17E+05,336 051.55  , 3/2 ,,,,,,,,,,,,,
Si IV , ,  ,1.12E+05,336 051.55  , 5/2 ,,,,,,,,,,,,,
Si IV , ,  ,1.85E+04,336 051.55  , 3/2 ,,,,,,,,,,,,,
Si III , ,  ,1.63E+07,258 013.37  ,3,,,,,,,,,,,,,
 , , , , , ,,,,,,,,,,,,,
Si III , ,  ,7.89E+07,258 978.66  ,0,,,,,,,,,,,,,
Si III , ,  ,1.66E-02,82 884.41  ,1,,,,,,,,,,,,,
Si III , ,  ,5.01E+06,245 086.58  ,3,,,,,,,,,,,,,
Si III , ,  ,1.89E+06,234 387.64  ,1,,,,,,,,,,,,,
Si III , ,  ,1.91E-03,82 884.41  ,1,,,,,,,,,,,,,
 , , , , , ,,,,,,,,,,,,,
Si III , ,  ,1.23E-02,82 884.41  ,1,,,,,,,,,,,,,
Si II ,333.314,300,1.00E+07,111 184.46  , 1/2 ,,,,,,,,,,,,,
Si II ,333.982,500,2.00E+07,111 184.46  , 1/2 ,,,,,,,,,,,,,
Si III , ,  ,1.23E+06,244 866.05  ,2,,,,,,,,,,,,,
Si III , ,  ,3.68E+06,244 866.05  ,2,,,,,,,,,,,,,
 , , , , , ,,,,,,,,,,,,,
Si III , ,  ,1.23E-01,205 029.09  ,2,,,,,,,,,,,,,
Si III , ,  ,1.25E-03,82 884.41  ,1,,,,,,,,,,,,,
Si III , ,  ,2.00E-02,82 884.41  ,1,,,,,,,,,,,,,
Si III , ,  ,7.02E-06,205 029.09  ,2,,,,,,,,,,,,,
Si III , ,  ,1.77E-01,205 029.09  ,2,,,,,,,,,,,,,
 , , , , , ,,,,,,,,,,,,,
Si III , ,  ,1.35E+05,244 736.93  ,1,,,,,,,,,,,,,
Si III , ,  ,2.01E+06,244 736.93  ,1,,,,,,,,,,,,,
Si III , ,  ,2.67E+06,244 736.93  ,1,,,,,,,,,,,,,
Si III , ,  ,2.13E-05,205 029.09  ,2,,,,,,,,,,,,,
Si III , ,  ,1.62E-02,205 029.09  ,2,,,,,,,,,,,,,
 , , , , , ,,,,,,,,,,,,,
Si VI , ,  ,1.49E+04,1 071 129     , 1/2 ,,,,,,,,,,,,,
Si III , ,  ,1.23E+00,204 828.06  ,3,,,,,,,,,,,,,
Si III , ,  ,1.08E-10,204 828.06  ,3,,,,,,,,,,,,,
Si III , ,  ,1.30E-02,204 828.06  ,3,,,,,,,,,,,,,
Si III , ,  ,3.85E-04,159 069.61  ,0,,,,,,,,,,,,,
 , , , , , ,,,,,,,,,,,,,
Si III , ,  ,6.54E+05,204 330.79  ,2,,,,,,,,,,,,,
Si III , ,  ,3.01E+07,254 584.6   ,4,,,,,,,,,,,,,
Si III , ,  ,2.80E+02,204 330.79  ,2,,,,,,,,,,,,,
Si III , ,  ,5.71E-02,159 069.61  ,0,,,,,,,,,,,,,
Si III , ,  ,4.93E+05,245 086.58  ,3,,,,,,,,,,,,,
 , , , , , ,,,,,,,,,,,,,
Si X , ,  ,5.15E+06,2 064 590     , 1/2 ,,,,,,,,,,,,,
Si II , ,  ,9.93E-03,84 004.26  , 3/2 ,,,,,,,,,,,,,
Si II , ,  ,5.64E-03,84 004.26  , 3/2 ,,,,,,,,,,,,,
Si III , ,  ,1.20E+05,244 866.05  ,2,,,,,,,,,,,,,
Si III , ,  ,1.73E+08,230 270.66  ,4,,,,,,,,,,,,,
 , , , , , ,,,,,,,,,,,,,
Si III ,348.691,15,1.54E+08,230 268.62  ,3,,,,,,,,,,,,,
Si III , ,  ,1.45E+08,230 267.7   ,2,,,,,,,,,,,,,
Si III , ,  ,2.70E+07,230 267.7   ,2,,,,,,,,,,,,,
Si III , ,  ,1.92E+07,230 268.62  ,3,,,,,,,,,,,,,
Si III , ,  ,7.61E+05,230 267.7   ,2,,,,,,,,,,,,,
 , , , , , ,,,,,,,,,,,,,
Si III , ,  ,3.56E+05,244 866.05  ,2,,,,,,,,,,,,,
Si III , ,  ,1.31E+04,244 736.93  ,1,,,,,,,,,,,,,
Si V , ,  ,1.89E+08,1 127 908     ,3,,,,,,,,,,,,,
Si II , ,  ,6.22E-03,83 801.95  , 1/2 ,,,,,,,,,,,,,
Si III , ,  ,1.95E+05,244 736.93  ,1,,,,,,,,,,,,,
 , , , , , ,,,,,,,,,,,,,
Si VI , ,  ,1.62E+04,1 069 854     , 3/2 ,,,,,,,,,,,,,
Si III , ,  ,2.58E+05,244 736.93  ,1,,,,,,,,,,,,,
Si VI , ,  ,5.44E+03,1 069 854     , 3/2 ,,,,,,,,,,,,,
Si III ,352.594,9,2.48E+07,242 885.30  ,1,,,,,,,,,,,,,
Si III , ,  ,4.12E+02,204 828.06  ,3,,,,,,,,,,,,,
 , , , , , ,,,,,,,,,,,,,
Si III , ,  ,1.57E+05,234 442.18  ,2,,,,,,,,,,,,,
Si III , ,  ,1.57E+05,234 428.40  ,1,,,,,,,,,,,,,
Si III , ,  ,1.56E+05,234 415.07  ,0,,,,,,,,,,,,,
Si III , ,  ,1.77E+03,227 088.72  ,3,,,,,,,,,,,,,
Si III , ,  ,8.78E+04,227 084.21  ,2,,,,,,,,,,,,,
 , , , , , ,,,,,,,,,,,,,
Si III , ,  ,7.87E+05,227 081.19  ,1,,,,,,,,,,,,,
Si III , ,  ,9.71E+05,235 951.09  ,1,,,,,,,,,,,,,
Si III , ,  ,6.20E+04,227 088.72  ,3,,,,,,,,,,,,,
Si III , ,  ,6.92E+05,227 084.21  ,2,,,,,,,,,,,,,
Si III ,356.967,8,5.78E+07,242 537.95  ,0,,,,,,,,,,,,,
 , , , , , ,,,,,,,,,,,,,
Si III , ,  ,7.02E+05,227 088.72  ,3,,,,,,,,,,,,,
Si III ,359.047,20,2.53E+08,204 330.79  ,2,,,,,,,,,,,,,
Si III , ,  ,1.57E+06,245 086.58  ,3,,,,,,,,,,,,,
Si III ,362.254, 8w ,1.25E+07,245 086.58  ,3,,,,,,,,,,,,,
Si III , ,  ,1.23E+07,257 853.6   ,3,,,,,,,,,,,,,
 , , , , , ,,,,,,,,,,,,,
Si III , ,  ,1.08E+06,257 853.6   ,3,,,,,,,,,,,,,
Si III , ,  ,1.26E+07,257 853.6   ,4,,,,,,,,,,,,,
Si III , ,  ,1.64E+04,257 853.6   ,3,,,,,,,,,,,,,
Si III , ,  ,8.37E+05,257 853.6   ,4,,,,,,,,,,,,,
Si III , ,  ,1.34E+07,257 853.6   ,5,,,,,,,,,,,,,
 , , , , , ,,,,,,,,,,,,,
Si III , ,  ,2.08E+06,244 866.05  ,2,,,,,,,,,,,,,
Si III , ,  ,1.89E+07,254 557.03  ,2,,,,,,,,,,,,,
Si III , ,  ,2.00E+07,254 557.26  ,3,,,,,,,,,,,,,
Si III , ,  ,3.50E+06,254 557.03  ,2,,,,,,,,,,,,,
Si III ,363.945, 5w ,2.24E+07,254 557.64  ,4,,,,,,,,,,,,,
 , , , , , ,,,,,,,,,,,,,
Si III , ,  ,2.50E+06,254 557.26  ,3,,,,,,,,,,,,,
Si III , ,  ,9.86E+04,254 557.03  ,2,,,,,,,,,,,,,
Si III ,364.512, 6w ,9.58E+06,244 866.05  ,2,,,,,,,,,,,,,
Si VI , ,  ,2.37E+03,1 068 813     , 5/2 ,,,,,,,,,,,,,
Si III , ,  ,2.14E+06,244 866.05  ,2,,,,,,,,,,,,,
 , , , , , ,,,,,,,,,,,,,
Si III , ,  ,1.02E+07,244 736.93  ,1,,,,,,,,,,,,,
Si VI , ,  ,2.40E+02,1 068 813     , 5/2 ,,,,,,,,,,,,,
Si III , ,  ,3.40E+06,244 736.93  ,1,,,,,,,,,,,,,
Si III , ,  ,2.03E+07,254 855.42  ,3,,,,,,,,,,,,,
Si III ,368.14, 7w ,2.51E+07,242 145.10  ,1,,,,,,,,,,,,,
 , , , , , ,,,,,,,,,,,,,
Si III ,368.215, 5w ,1.50E+07,242 145.10  ,1,,,,,,,,,,,,,
Si III , ,  ,5.00E+06,242 145.10  ,1,,,,,,,,,,,,,
Si IV , ,  ,2.10E+08,276 579.03  , 3/2 ,,,,,,,,,,,,,
Si IV ,376.244,8,2.33E+07,276 579.03  , 3/2 ,,,,,,,,,,,,,
Si III , ,  ,4.42E+05,234 387.64  ,1,,,,,,,,,,,,,
 , , , , , ,,,,,,,,,,,,,
Si IV ,377.315,6,2.33E+08,276 503.67  , 1/2 ,,,,,,,,,,,,,
Si III ,379.141, 20c ,1.76E+08,201 597.73  ,1,,,,,,,,,,,,,
Si X , ,  ,2.00E-04,394 030     , 3/2 ,,,,,,,,,,,,,
Si X , ,  ,4.60E+00,394 030     , 3/2 ,,,,,,,,,,,,,
Si III ,379.611,25,2.36E+08,201 598.28  ,2,,,,,,,,,,,,,
 , , , , , ,,,,,,,,,,,,,
Si III , ,  ,1.31E+08,201 597.73  ,1,,,,,,,,,,,,,
Si III ,380.654,30,3.14E+08,201 599.48  ,3,,,,,,,,,,,,,
Si III , ,  ,7.84E+07,201 598.28  ,2,,,,,,,,,,,,,
Si III , ,  ,8.70E+06,201 597.73  ,1,,,,,,,,,,,,,
Si III , ,  ,9.79E+06,254 766.75  ,2,,,,,,,,,,,,,
 , , , , , ,,,,,,,,,,,,,
Si III ,384.246,7,1.73E+07,240 549.77  ,2,,,,,,,,,,,,,
Si III , ,  ,9.51E+06,242 145.10  ,1,,,,,,,,,,,,,
Si II ,385.366, 100w ,5.11E+06,81 251.32  , 3/2 ,,,,,,,,,,,,,
Si II ,385.602, 500w ,4.40E+07,81 251.32  , 3/2 ,,,,,,,,,,,,,
Si II ,386.26, 200w ,3.91E+07,81 191.34  , 1/2 ,,,,,,,,,,,,,
 , , , , , ,,,,,,,,,,,,,
Si III , ,  ,5.66E+06,242 145.10  ,1,,,,,,,,,,,,,
Si VIII , ,  ,1.30E-04,530 430     , 3/2 ,,,,,,,,,,,,,
Si III , ,  ,1.86E+06,242 145.10  ,1,,,,,,,,,,,,,
Si I ,390.5523,300,1.33E+07,40 991.884 ,1,,,,,,,,,,,,,
Si III ,392.447,20,3.47E+08,230 302.01  ,4,,,,,,,,,,,,,
 , , , , , ,,,,,,,,,,,,,
Si III ,394.749, 6w ,5.59E+06,240 314.63  ,3,,,,,,,,,,,,,
Si III , ,  ,1.39E+06,240 284.28  ,2,,,,,,,,,,,,,
Si III , ,  ,4.17E+06,240 284.28  ,2,,,,,,,,,,,,,
Si III , ,  ,1.54E+05,240 262.28  ,1,,,,,,,,,,,,,
Si II ,395.574, 10w , , ,  ,,,,,,,,,,,,,
 , , , , , ,,,,,,,,,,,,,
Si III , ,  ,2.31E+06,240 262.28  ,1,,,,,,,,,,,,,
Si III , ,  ,3.08E+06,240 262.28  ,1,,,,,,,,,,,,,
Si III , ,  ,4.33E+04,226 820.28  ,2,,,,,,,,,,,,,
Si III , ,  ,6.49E+05,226 820.28  ,2,,,,,,,,,,,,,
Si III ,396.384,6,3.63E+06,226 820.28  ,2,,,,,,,,,,,,,
 , , , , , ,,,,,,,,,,,,,
Si II ,397.746, 10w , , ,  ,,,,,,,,,,,,,
Si III , ,  ,3.94E+05,201 598.28  ,2,,,,,,,,,,,,,
Si III ,398.124,5,2.09E+05,201 597.73  ,1,,,,,,,,,,,,,
Si II ,399.177, 15w , , ,  ,,,,,,,,,,,,,
Si II ,399.801, 10w , , ,  ,,,,,,,,,,,,,
 , , , , , ,,,,,,,,,,,,,
Si III , ,  ,1.04E+06,226 527.42  ,1,,,,,,,,,,,,,
Si III , ,  ,3.13E+06,226 527.42  ,1,,,,,,,,,,,,,
Si III , ,  ,4.11E+06,226 400.00  ,0,,,,,,,,,,,,,
Si IV ,403.139, 1w ,2.29E+07,330 439.66  , 1/2 ,,,,,,,,,,,,,
Si IV ,403.806, 2w ,4.59E+07,330 439.66  , 1/2 ,,,,,,,,,,,,,
 , , , , , ,,,,,,,,,,,,,
Si VI , ,  ,2.32E+03,1 094 449     , 1/2 ,,,,,,,,,,,,,
Si III , ,  ,1.03E+08,258 978.66  ,0,,,,,,,,,,,,,
Si II , ,  ,2.00E+05,103 885.25  , 3/2 ,,,,,,,,,,,,,
Si II ,407.545, 20w ,4.00E+06,103 885.25  , 3/2 ,,,,,,,,,,,,,
Si II ,407.678, 15w ,4.00E+06,103 860.74  , 1/2 ,,,,,,,,,,,,,
 , , , , , ,,,,,,,,,,,,,
Si XI , ,  ,3.78E+06,3 204 950?    ,2,,,,,,,,,,,,,
Si IV ,408.885,10,1.56E+08,218 428.67  , 3/2 ,,,,,,,,,,,,,
Si IV , ,  ,1.04E-03,218 428.67  , 3/2 ,,,,,,,,,,,,,
Si III ,410.186, 5w , , ,  ,,,,,,,,,,,,,
Si III ,410.242,8,2.46E+07,228 699.75  ,1,,,,,,,,,,,,,
 , , , , , ,,,,,,,,,,,,,
Si I ,410.2936,70,6.09E+04,39 760.285 ,1,,,,,,,,,,,,,
Si III , ,  ,2.07E+07,254 584.8   ,3,,,,,,,,,,,,,
Si III , ,  ,1.81E+06,254 584.8   ,3,,,,,,,,,,,,,
Si III , ,  ,2.11E+07,254 584.8   ,4,,,,,,,,,,,,,
Si III , ,  ,2.25E+07,254 585.75  ,5,,,,,,,,,,,,,
 , , , , , ,,,,,,,,,,,,,
Si III , ,  ,2.75E+04,254 584.8   ,3,,,,,,,,,,,,,
Si III , ,  ,1.41E+06,254 584.8   ,4,,,,,,,,,,,,,
Si III ,411.55, 5w ,4.07E+07,249 817.94  ,4,,,,,,,,,,,,,
Si I , ,  , ,39 683.163 ,0,,,,,,,,,,,,,
Si IV ,411.61,9,1.53E+08,218 266.86  , 1/2 ,,,,,,,,,,,,,
 , , , , , ,,,,,,,,,,,,,
Si XIII , ,  ,9.26E+06,(17 603 643)    ,1,,,,,,,,,,,,,
Si II ,412.807, 300w ,1.49E+08,103 556.16  , 5/2 ,,,,,,,,,,,,,
Si II , ,  ,1.07E+07,103 556.16  , 5/2 ,,,,,,,,,,,,,
Si II ,413.089, 500w ,1.74E+08,103 556.03  , 7/2 ,,,,,,,,,,,,,
Si III , ,  ,5.71E+05,240 314.63  ,3,,,,,,,,,,,,,
 , , , , , ,,,,,,,,,,,,,
Si III , ,  ,1.42E+05,240 284.28  ,2,,,,,,,,,,,,,
Si III , ,  ,1.58E+04,240 262.28  ,1,,,,,,,,,,,,,
Si XI , ,  ,3.84E+07,3 007 770     ,2,,,,,,,,,,,,,
Si III , ,  ,4.22E+05,240 284.28  ,2,,,,,,,,,,,,,
Si III , ,  ,2.34E+05,240 262.28  ,1,,,,,,,,,,,,,
 , , , , , ,,,,,,,,,,,,,
Si III , ,  ,3.09E+05,240 262.28  ,1,,,,,,,,,,,,,
Si II ,418.335, 10w , , ,  ,,,,,,,,,,,,,
Si II ,419.072, 100w , , ,  ,,,,,,,,,,,,,
Si III , ,  ,4.93E+01,199 164.10  ,4,,,,,,,,,,,,,
Si II ,419.813,50, , ,  ,,,,,,,,,,,,,
 , , , , , ,,,,,,,,,,,,,
Si II , ,  ,8.14E+06,124 822.14  , 5/2 ,,,,,,,,,,,,,
Si II , ,  ,5.82E+05,124 822.14  , 5/2 ,,,,,,,,,,,,,
Si II , ,  ,8.73E+06,124 822.08  , 7/2 ,,,,,,,,,,,,,
Si III , ,  ,3.15E+01,199 026.49  ,3,,,,,,,,,,,,,
Si III , ,  ,5.56E+03,254 007.48  ,3,,,,,,,,,,,,,
 , , , , , ,,,,,,,,,,,,,
Si III , ,  ,1.97E+05,254 007.48  ,3,,,,,,,,,,,,,
Si III , ,  ,2.27E+06,254 007.48  ,3,,,,,,,,,,,,,
Si III , ,  ,2.75E+05,[254 004]    ,2,,,,,,,,,,,,,
Si III , ,  ,2.19E+06,[254 004]    ,2,,,,,,,,,,,,,
Si III , ,  ,2.47E+06,[254 002]    ,1,,,,,,,,,,,,,
 , , , , , ,,,,,,,,,,,,,
Si IV , ,  ,1.53E+08,315 230.27  , 5/2 ,,,,,,,,,,,,,
Si IV ,421.241, 7w* ,1.63E+08,315 230.27  , 7/2 ,,,,,,,,,,,,,
Si IV ,421.241, 7w* ,1.09E+07,315 230.27  , 5/2 ,,,,,,,,,,,,,
Si III , ,  ,2.14E+01,198 923.15  ,2,,,,,,,,,,,,,
Si III , ,  ,7.63E-10,199 026.49  ,3,,,,,,,,,,,,,
 , , , , , ,,,,,,,,,,,,,
Si III , ,  ,1.56E+01,199 026.49  ,3,,,,,,,,,,,,,
Si III , ,  ,4.38E-09,198 923.15  ,2,,,,,,,,,,,,,
Si III , ,  ,2.12E+01,198 923.15  ,2,,,,,,,,,,,,,
Si III , ,  ,1.93E-08,198 923.15  ,2,,,,,,,,,,,,,
Si III , ,  ,2.99E+00,198 923.15  ,2,,,,,,,,,,,,,
 , , , , , ,,,,,,,,,,,,,
Si III , ,  ,3.74E+06,249 766.19  ,1,,,,,,,,,,,,,
Si VI , ,  ,6.69E+02,1 094 449     , 1/2 ,,,,,,,,,,,,,
Si III , ,  ,1.11E+07,249 766.19  ,1,,,,,,,,,,,,,
Si IV ,431.41,3,1.06E+08,299 676.95  , 1/2 ,,,,,,,,,,,,,
Si III , ,  ,2.55E+05,176 487.19  ,1,,,,,,,,,,,,,
 , , , , , ,,,,,,,,,,,,,
Si IV ,432.818,5,2.12E+08,299 676.95  , 1/2 ,,,,,,,,,,,,,
Si III ,433.85,9,1.47E+07,176 487.19  ,1,,,,,,,,,,,,,
Si III ,434.14,8,5.25E+05,258 978.66  ,0,,,,,,,,,,,,,
Si III , ,  ,1.77E+07,249 766.19  ,1,,,,,,,,,,,,,
Si III , ,  ,1.46E+05,240 284.28  ,2,,,,,,,,,,,,,
 , , , , , ,,,,,,,,,,,,,
Si III , ,  ,7.30E+05,240 262.28  ,1,,,,,,,,,,,,,
Si III , ,  ,1.08E+05,240 314.63  ,3,,,,,,,,,,,,,
Si III , ,  ,6.75E+05,240 284.28  ,2,,,,,,,,,,,,,
Si III ,437.763, 8w ,4.14E+06,227 665.09  ,2,,,,,,,,,,,,,
Si III , ,  ,8.58E+05,240 314.63  ,3,,,,,,,,,,,,,
 , , , , , ,,,,,,,,,,,,,
Si III , ,  ,2.41E+05,240 262.28  ,1,,,,,,,,,,,,,
Si III , ,  ,1.50E-05,165 765.00  ,2,,,,,,,,,,,,,
Si III , ,  ,1.11E-06,165 765.00  ,2,,,,,,,,,,,,,
Si III , ,  ,2.63E-06,165 765.00  ,2,,,,,,,,,,,,,
Si III , ,  ,3.24E-06,165 765.00  ,2,,,,,,,,,,,,,
 , , , , , ,,,,,,,,,,,,,
Si III , ,  ,1.44E-05,165 765.00  ,2,,,,,,,,,,,,,
Si III , ,  ,7.54E-08,165 765.00  ,2,,,,,,,,,,,,,
Si III , ,  ,1.50E+05,240 284.28  ,2,,,,,,,,,,,,,
Si IV ,440.373, 2w* ,4.09E+07,336 616.55  , 7/2 ,,,,,,,,,,,,,
Si IV ,440.373, 2w* ,2.73E+06,336 616.55  , 5/2 ,,,,,,,,,,,,,
 , , , , , ,,,,,,,,,,,,,
Si IV ,440.373, 2w* ,3.82E+07,336 616.55  , 5/2 ,,,,,,,,,,,,,
Si III , ,  ,2.22E+07,250 366.22  ,3,,,,,,,,,,,,,
Si III , ,  ,3.55E+06,249 093.5   ,1,,,,,,,,,,,,,
Si III , ,  ,2.62E+07,249 774.48  ,2,,,,,,,,,,,,,
Si III ,440.59, 6w ,4.84E+06,249 774.48  ,2,,,,,,,,,,,,,
 , , , , , ,,,,,,,,,,,,,
Si III ,440.672, 8w ,3.10E+07,249 774.98  ,4,,,,,,,,,,,,,
Si III , ,  ,3.47E+06,249 774.70  ,3,,,,,,,,,,,,,
Si III , ,  ,1.36E+05,249 774.48  ,2,,,,,,,,,,,,,
Si IV ,441.165, 1w ,1.74E+06,322 337.83  , 3/2 ,,,,,,,,,,,,,
Si IV , ,  ,1.88E+06,322 312.93  , 1/2 ,,,,,,,,,,,,,
 , , , , , ,,,,,,,,,,,,,
Si XI , ,  ,7.00E+06,3 203 130     ,3,,,,,,,,,,,,,
Si III , ,  ,4.71E+06,249 103.90  ,2,,,,,,,,,,,,,
Si III , ,  ,2.62E+06,249 093.5   ,1,,,,,,,,,,,,,
Si III , ,  ,8.03E-02,199 026.49  ,3,,,,,,,,,,,,,
Si XII , ,  ,2.79E+07,3 224 550     , 3/2 ,,,,,,,,,,,,,
 , , , , , ,,,,,,,,,,,,,
Si III , ,  ,5.61E-10,198 923.15  ,2,,,,,,,,,,,,,
Si III , ,  ,3.49E-02,198 923.15  ,2,,,,,,,,,,,,,
Si III , ,  ,1.52E+06,247 935.39  ,2,,,,,,,,,,,,,
Si III , ,  ,1.42E+07,248 772.86  ,1,,,,,,,,,,,,,
Si X , ,  ,1.10E+01,390 040     , 1/2 ,,,,,,,,,,,,,
 , , , , , ,,,,,,,,,,,,,
Si III , ,  ,6.07E+06,249 121.14  ,3,,,,,,,,,,,,,
Si III , ,  ,1.51E+06,249 103.90  ,2,,,,,,,,,,,,,
Si III , ,  ,1.68E+05,249 093.5   ,1,,,,,,,,,,,,,
Si III ,449.405,6,4.19E+07,248 772.86  ,1,,,,,,,,,,,,,
Si III ,455.262,30,1.26E+08,175 336.26  ,2,,,,,,,,,,,,,
 , , , , , ,,,,,,,,,,,,,
Si III ,455.4,8,6.75E+07,248 772.86  ,1,,,,,,,,,,,,,
Si III , ,  ,5.47E+07,250 636.55  ,2,,,,,,,,,,,,,
Si III , ,  ,3.76E+06,257 848.5   ,2,,,,,,,,,,,,,
Si III ,456.782,25,1.25E+08,175 263.10  ,1,,,,,,,,,,,,,
Si III ,457.476,20,1.24E+08,175 230.01  ,0,,,,,,,,,,,,,
 , , , , , ,,,,,,,,,,,,,
Si XII , ,  ,5.00E+06,[2 463 790]    , 3/2 ,,,,,,,,,,,,,
Si IV , ,  ,1.98E+06,327 361.97  , 3/2 ,,,,,,,,,,,,,
Si IV ,461.127, 1w* ,3.71E+05,327 361.97  , 3/2 ,,,,,,,,,,,,,
Si IV ,461.127, 1w* ,2.23E+06,327 361.97  , 5/2 ,,,,,,,,,,,,,
Si III ,461.966,7,2.89E+07,248 168.04  ,2,,,,,,,,,,,,,
 , , , , , ,,,,,,,,,,,,,
Si II ,462.142,100,1.28E+07,122 655.37  , 5/2 ,,,,,,,,,,,,,
Si II , ,  ,9.18E+05,122 655.37  , 5/2 ,,,,,,,,,,,,,
Si II ,462.172,150,1.37E+07,122 655.25  , 7/2 ,,,,,,,,,,,,,
Si IV ,462.862, 3w , , ,  ,,,,,,,,,,,,,
Si IV ,463.124, 9w , , ,  ,,,,,,,,,,,,,
 , , , , , ,,,,,,,,,,,,,
Si III ,463.828,7,3.79E+07,247 953.69  ,1,,,,,,,,,,,,,
Si IV ,465.432, 10w , , ,  ,,,,,,,,,,,,,
Si IV ,465.692, 3w , , ,  ,,,,,,,,,,,,,
Si III ,466.587,8,2.79E+07,247 953.69  ,1,,,,,,,,,,,,,
Si IV ,466.714, 1w , , ,  ,,,,,,,,,,,,,
 , , , , , ,,,,,,,,,,,,,
Si II , ,  ,4.40E+05,124 948.40  , 7/2 ,,,,,,,,,,,,,
Si II , ,  ,7.06E+06,124 948.40  , 9/2 ,,,,,,,,,,,,,
Si II , ,  ,6.16E+06,124 948.40  , 7/2 ,,,,,,,,,,,,,
Si IV ,467.33, 2w , , ,  ,,,,,,,,,,,,,
Si XII , ,  ,2.40E+07,3 223 450     , 1/2 ,,,,,,,,,,,,,
 , , , , , ,,,,,,,,,,,,,
Si III ,468.302,9,8.30E+07,248 168.04  ,2,,,,,,,,,,,,,
Si III ,468.38,7,1.10E+08,247 871.66  ,0,,,,,,,,,,,,,
Si III ,471.665,16,1.32E+08,225 526.33  ,3,,,,,,,,,,,,,
Si I , ,  ,3.40E+05,60 856.630 ,1,,,,,,,,,,,,,
Si III ,473.052,7,4.47E+07,247 953.69  ,1,,,,,,,,,,,,,
 , , , , , ,,,,,,,,,,,,,
Si I , ,  ,1.00E+06,60 856.630 ,1,,,,,,,,,,,,,
Si I , ,  ,5.70E+05,60 815.925 ,2,,,,,,,,,,,,,
Si I , ,  ,7.50E+05,60 706.558 ,1,,,,,,,,,,,,,
Si IX , ,  ,2.83E+04,1 917 100     ,3,,,,,,,,,,,,,
Si IX , ,  ,6.31E+04,1 917 100     ,1,,,,,,,,,,,,,
 , , , , , ,,,,,,,,,,,,,
Si IX , ,  ,1.76E+05,1 917 100     ,2,,,,,,,,,,,,,
Si I , ,  ,5.70E+05,60 706.558 ,1,,,,,,,,,,,,,
Si I ,478.2991,50,1.70E+06,60 856.630 ,1,,,,,,,,,,,,,
Si I ,479.2212,35,2.20E+06,60 621.64  ,0,,,,,,,,,,,,,
Si I ,479.2324,80,1.70E+06,60 815.925 ,2,,,,,,,,,,,,,
 , , , , , ,,,,,,,,,,,,,
Si III ,480.043,8,2.76E+07,228 699.75  ,1,,,,,,,,,,,,,
Si IV , ,  ,3.12E+05,336 051.55  , 5/2 ,,,,,,,,,,,,,
Si IV , ,  ,6.55E+06,336 051.55  , 3/2 ,,,,,,,,,,,,,
Si IV , ,  ,6.24E+06,336 051.55  , 5/2 ,,,,,,,,,,,,,
Si I , ,  ,6.00E+05,60 487.103 ,1,,,,,,,,,,,,,
 , , , , , ,,,,,,,,,,,,,
Si III ,481.333,15,2.10E+08,230 301.22  ,3,,,,,,,,,,,,,
Si I , ,  ,9.10E+05,60 706.558 ,1,,,,,,,,,,,,,
Si I , ,  ,1.10E+06,60 704.53  ,3,,,,,,,,,,,,,
Si III ,481.972,16,2.12E+08,230 301.66  ,4,,,,,,,,,,,,,
Si III , ,  ,1.82E+07,230 301.22  ,3,,,,,,,,,,,,,
 , , , , , ,,,,,,,,,,,,,
Si I , ,  ,8.00E+05,60 496.358 ,2,,,,,,,,,,,,,
Si III , ,  ,1.64E-05,142 948.25  ,1,,,,,,,,,,,,,
Si III , ,  ,2.32E-06,142 948.25  ,1,,,,,,,,,,,,,
Si III , ,  ,1.61E-06,142 945.84  ,2,,,,,,,,,,,,,
Si III , ,  ,1.49E-05,142 945.84  ,2,,,,,,,,,,,,,
 , , , , , ,,,,,,,,,,,,,
Si III , ,  ,7.42E-06,142 943.74  ,3,,,,,,,,,,,,,
Si III , ,  ,2.11E-05,142 943.74  ,3,,,,,,,,,,,,,
Si I , ,  ,4.50E+05,60 487.103 ,1,,,,,,,,,,,,,
Si III ,482.897,18,2.25E+08,230 302.35  ,5,,,,,,,,,,,,,
Si III , ,  ,1.41E+07,230 301.66  ,4,,,,,,,,,,,,,
 , , , , , ,,,,,,,,,,,,,
Si III , ,  ,2.76E+05,230 301.22  ,3,,,,,,,,,,,,,
Si III , ,  ,2.01E+06,226 820.28  ,2,,,,,,,,,,,,,
Si I , ,  ,2.60E+05,60 496.358 ,2,,,,,,,,,,,,,
Si I , ,  ,2.90E+04,60 487.103 ,1,,,,,,,,,,,,,
Si II ,488.32, 15w , , ,  ,,,,,,,,,,,,,
 , , , , , ,,,,,,,,,,,,,
Si XI , ,  ,2.54E+07,3 214 660     ,3,,,,,,,,,,,,,
Si II , ,  ,1.80E+06,124 276.7   , 1/2 ,,,,,,,,,,,,,
Si II , ,  ,3.50E+06,124 276.7   , 1/2 ,,,,,,,,,,,,,
Si III , ,  ,1.21E+06,254 766.75  ,2,,,,,,,,,,,,,
Si II ,490.699, 20w , , ,  ,,,,,,,,,,,,,
 , , , , , ,,,,,,,,,,,,,
Si III , ,  ,1.93E+06,226 527.42  ,1,,,,,,,,,,,,,
Si X , ,  ,3.31E-01,1 999 580+x   , 5/2 ,,,,,,,,,,,,,
Si II ,493.28, 20w , , ,  ,,,,,,,,,,,,,
Si III , ,  ,1.89E+06,226 400.00  ,0,,,,,,,,,,,,,
Si IV ,494.745, 1w , , ,  ,,,,,,,,,,,,,
 , , , , , ,,,,,,,,,,,,,
Si I ,494.7607,30,4.20E+06,61 198.036 ,0,,,,,,,,,,,,,
Si IV ,495.011, 3* ,9.46E+05,313 914.92  , 5/2 ,,,,,,,,,,,,,
Si IV ,495.011, 3* ,1.89E+07,313 914.92  , 5/2 ,,,,,,,,,,,,,
Si IV ,495.011, 3* ,1.99E+07,313 914.92  , 3/2 ,,,,,,,,,,,,,
Si XII , ,  ,4.70E+06,[2 464 480]    , 5/2 ,,,,,,,,,,,,,
 , , , , , ,,,,,,,,,,,,,
Si XIII , ,  ,2.16E+06,(17 598 207)    ,1,,,,,,,,,,,,,
Si I ,500.6061,40,2.80E+06,60 962.105 ,2,,,,,,,,,,,,,
Si X , ,  ,3.63E+00,1 999 580+x   , 5/2 ,,,,,,,,,,,,,
Si II ,504.103,1000,7.00E+07,101 023.05  , 3/2 ,,,,,,,,,,,,,
Si II ,505.598,1000,1.45E+08,101 024.35  , 5/2 ,,,,,,,,,,,,,
 , , , , , ,,,,,,,,,,,,,
Si II , ,  ,2.10E+07,101 023.05  , 3/2 ,,,,,,,,,,,,,
Si III ,509.142, 10w , , ,  ,,,,,,,,,,,,,
Si III , ,  ,1.54E+06,[254 002]    ,1,,,,,,,,,,,,,
Si III , ,  ,2.07E+06,[254 004]    ,2,,,,,,,,,,,,,
Si III , ,  ,1.15E+06,[254 002]    ,1,,,,,,,,,,,,,
 , , , , , ,,,,,,,,,,,,,
Si III , ,  ,2.75E+06,254 007.48  ,3,,,,,,,,,,,,,
Si III , ,  ,6.89E+05,[254 004]    ,2,,,,,,,,,,,,,
Si III , ,  ,7.66E+04,[254 002]    ,1,,,,,,,,,,,,,
Si II , ,  ,1.30E+04,103 556.16  , 5/2 ,,,,,,,,,,,,,
Si III ,511.376, 7w ,3.82E+07,249 817.32  ,3,,,,,,,,,,,,,
 , , , , , ,,,,,,,,,,,,,
Si III , ,  ,3.91E+07,249 817.85  ,4,,,,,,,,,,,,,
Si III , ,  ,3.36E+06,249 817.32  ,3,,,,,,,,,,,,,
Si III ,511.412, 8w ,4.17E+07,249 818.93  ,5,,,,,,,,,,,,,
Si III , ,  ,2.60E+06,249 817.85  ,4,,,,,,,,,,,,,
Si III , ,  ,5.11E+04,249 817.32  ,3,,,,,,,,,,,,,
 , , , , , ,,,,,,,,,,,,,
Si III , ,  ,3.25E+02,249 774.98  ,4,,,,,,,,,,,,,
Si III , ,  ,2.76E+04,249 774.70  ,3,,,,,,,,,,,,,
Si III , ,  ,2.14E+04,249 774.98  ,4,,,,,,,,,,,,,
Si III , ,  ,4.39E+05,249 774.48  ,2,,,,,,,,,,,,,
Si III , ,  ,4.13E+05,249 774.70  ,3,,,,,,,,,,,,,
 , , , , , ,,,,,,,,,,,,,
Si III , ,  ,4.17E+05,249 774.98  ,4,,,,,,,,,,,,,
Si XIII , ,  ,2.70E+06,(17 598 255)    ,2,,,,,,,,,,,,,
Si XII , ,  ,7.05E+05,[2 463 790]    , 3/2 ,,,,,,,,,,,,,
Si XIII , ,  ,1.49E+06,(17 598 207)    ,1,,,,,,,,,,,,,
Si II ,518.19,100, , ,  ,,,,,,,,,,,,,
 , , , , , ,,,,,,,,,,,,,
Si II ,518.525, 100w , , ,  ,,,,,,,,,,,,,
Si II , ,  ,7.74E+05,122 835.13  , 7/2 ,,,,,,,,,,,,,
Si II , ,  ,1.24E+07,122 835.13  , 9/2 ,,,,,,,,,,,,,
Si II , ,  ,1.08E+07,122 835.13  , 7/2 ,,,,,,,,,,,,,
Si II ,519.286, 200w , , ,  ,,,,,,,,,,,,,
 , , , , , ,,,,,,,,,,,,,
Si III ,519.726,5,2.47E+07,247 935.39  ,2,,,,,,,,,,,,,
Si II ,520.241, 500w , , ,  ,,,,,,,,,,,,,
Si II ,529.519, 30w , , ,  ,,,,,,,,,,,,,
Si III , ,  ,7.23E+03,249 121.14  ,3,,,,,,,,,,,,,
Si III , ,  ,2.56E+05,249 121.14  ,3,,,,,,,,,,,,,
 , , , , , ,,,,,,,,,,,,,
Si III , ,  ,2.96E+06,249 121.14  ,3,,,,,,,,,,,,,
Si IV ,530.497, 2w* ,2.11E+06,332 759.92  , 3/2 ,,,,,,,,,,,,,
Si IV ,530.497, 2w* ,1.90E+07,332 759.92  , 3/2 ,,,,,,,,,,,,,
Si III , ,  ,3.57E+05,249 103.90  ,2,,,,,,,,,,,,,
Si III , ,  ,2.86E+06,249 103.90  ,2,,,,,,,,,,,,,
 , , , , , ,,,,,,,,,,,,,
Si IV ,530.949, 1w ,2.10E+07,332 743.87  , 1/2 ,,,,,,,,,,,,,
Si III , ,  ,3.21E+06,249 093.5   ,1,,,,,,,,,,,,,
Si III , ,  ,1.30E+07,254 766.75  ,2,,,,,,,,,,,,,
Si II ,540.534, 100w , , ,  ,,,,,,,,,,,,,
Si II ,541.724, 15w , , ,  ,,,,,,,,,,,,,
 , , , , , ,,,,,,,,,,,,,
Si II ,542.892, 15w , , ,  ,,,,,,,,,,,,,
Si II ,543.289, 15w , , ,  ,,,,,,,,,,,,,
Si II ,543.862, 100w , , ,  ,,,,,,,,,,,,,
Si II ,544.726, 20w , , ,  ,,,,,,,,,,,,,
Si III ,545.146,6,4.60E+07,244 866.05  ,2,,,,,,,,,,,,,
 , , , , , ,,,,,,,,,,,,,
Si III , ,  ,3.41E+07,244 736.93  ,1,,,,,,,,,,,,,
Si II ,545.449, 15w , , ,  ,,,,,,,,,,,,,
Si II ,545.645, 100w , , ,  ,,,,,,,,,,,,,
Si II , ,  ,5.36E+06,122 163.48  , 3/2 ,,,,,,,,,,,,,
Si II ,546.643, 500w ,2.16E+07,119 311.34  , 5/2 ,,,,,,,,,,,,,
 , , , , , ,,,,,,,,,,,,,
Si II ,546.687, 500w ,1.54E+06,119 311.34  , 5/2 ,,,,,,,,,,,,,
Si II , ,  ,2.31E+07,119 311.19  , 7/2 ,,,,,,,,,,,,,
Si II ,546.921, 100w , , ,  ,,,,,,,,,,,,,
Si II , ,  ,6.42E+06,122 163.54  , 5/2 ,,,,,,,,,,,,,
Si II , ,  ,1.07E+06,122 163.48  , 3/2 ,,,,,,,,,,,,,
 , , , , , ,,,,,,,,,,,,,
Si III ,547.305,7,6.07E+07,245 086.58  ,3,,,,,,,,,,,,,
Si II , ,  ,4.30E+05,119 273.81  , 3/2 ,,,,,,,,,,,,,
Si II , ,  ,3.87E+06,119 273.81  , 3/2 ,,,,,,,,,,,,,
Si II , ,  ,4.41E+06,119 245.22  , 1/2 ,,,,,,,,,,,,,
Si III , ,  ,2.50E+07,244 736.93  ,1,,,,,,,,,,,,,
 , , , , , ,,,,,,,,,,,,,
Si I ,549.323,40, , ,  ,,,,,,,,,,,,,
Si II ,549.645, 200w , , ,  ,,,,,,,,,,,,,
Si XIII , ,  ,2.92E+06,(17 599 059)    ,3,,,,,,,,,,,,,
Si I ,551.7535,35, , ,  ,,,,,,,,,,,,,
Si IX , ,  ,2.54E+04,1 917 100     ,2,,,,,,,,,,,,,
 , , , , , ,,,,,,,,,,,,,
Si IX , ,  ,1.45E+05,1 917 100     ,3,,,,,,,,,,,,,
Si III , ,  ,1.46E+07,244 866.05  ,2,,,,,,,,,,,,,
Si II ,554.074, 100w , , ,  ,,,,,,,,,,,,,
Si II , ,  ,2.90E+06,121 814.38  , 1/2 ,,,,,,,,,,,,,
Si II , ,  ,5.70E+06,121 814.38  , 1/2 ,,,,,,,,,,,,,
 , , , , , ,,,,,,,,,,,,,
Si II ,557.666, 150w , , ,  ,,,,,,,,,,,,,
Si III , ,  ,1.59E+06,244 736.93  ,1,,,,,,,,,,,,,
Si III , ,  ,1.17E+05,244 943.31  ,2,,,,,,,,,,,,,
Si III , ,  ,1.75E+06,244 943.31  ,2,,,,,,,,,,,,,
Si I , ,  ,5.40E+05,57 541.918 ,1,,,,,,,,,,,,,
 , , , , , ,,,,,,,,,,,,,
Si III , ,  ,9.79E+06,244 943.31  ,2,,,,,,,,,,,,,
Si III , ,  ,2.91E+06,244 933.36  ,1,,,,,,,,,,,,,
Si III , ,  ,8.75E+06,244 933.36  ,1,,,,,,,,,,,,,
Si III , ,  ,1.17E+07,244 928.72  ,0,,,,,,,,,,,,,
Si II , ,  ,2.36E+05,132 162.29  , 7/2 ,,,,,,,,,,,,,
 , , , , , ,,,,,,,,,,,,,
Si I ,562.2221,30,1.60E+06,57 541.918 ,1,,,,,,,,,,,,,
Si II ,563.297, 100w ,4.00E+06,132 162.29  , 7/2 ,,,,,,,,,,,,,
Si II ,563.948, 200w , , ,  ,,,,,,,,,,,,,
Si II , ,  ,4.26E+05,131 988.05  , 5/2 ,,,,,,,,,,,,,
Si I ,564.5611,90,9.70E+05,57 468.239 ,2,,,,,,,,,,,,,
 , , , , , ,,,,,,,,,,,,,
Si II ,566.066, 150w ,7.00E+06,131 988.05  , 5/2 ,,,,,,,,,,,,,
Si I ,566.5554,80,6.31E+05,57 328.789 ,1,,,,,,,,,,,,,
Si II ,566.956, 1000w ,5.00E+07,132 162.29  , 7/2 ,,,,,,,,,,,,,
Si II ,568.144, 30w ,1.00E+07,131 861.93  , 3/2 ,,,,,,,,,,,,,
Si I ,568.4484,120,2.60E+06,57 541.918 ,1,,,,,,,,,,,,,
 , , , , , ,,,,,,,,,,,,,
Si XI , ,  ,3.67E+06,3 204 950?    ,2,,,,,,,,,,,,,
Si II ,568.881, 300w ,4.60E+07,131 988.05  , 5/2 ,,,,,,,,,,,,,
Si III , ,  ,5.95E+06,257 831.4   ,2,,,,,,,,,,,,,
Si I ,569.0425,100,9.26E+05,57 328.789 ,1,,,,,,,,,,,,,
Si III , ,  ,4.71E+04,227 088.72  ,3,,,,,,,,,,,,,
 , , , , , ,,,,,,,,,,,,,
Si III , ,  ,2.34E+06,227 084.21  ,2,,,,,,,,,,,,,
Si III , ,  ,2.10E+07,227 081.19  ,1,,,,,,,,,,,,,
Si III , ,  ,1.10E+06,257 831.4   ,2,,,,,,,,,,,,,
Si III , ,  ,6.26E+06,257 831.4   ,3,,,,,,,,,,,,,
Si I ,570.1105,90,1.83E+06,57 295.881 ,0,,,,,,,,,,,,,
 , , , , , ,,,,,,,,,,,,,
Si II ,570.137, 200w ,4.50E+07,131 861.93  , 3/2 ,,,,,,,,,,,,,
Si III , ,  ,1.66E+06,227 088.72  ,3,,,,,,,,,,,,,
Si III ,570.46,7,1.86E+07,227 084.21  ,2,,,,,,,,,,,,,
Si II ,570.637, 100w ,6.10E+07,131 784.9   , 1/2 ,,,,,,,,,,,,,
Si III , ,  ,3.09E+04,257 831.4   ,2,,,,,,,,,,,,,
 , , , , , ,,,,,,,,,,,,,
Si III , ,  ,7.82E+05,257 831.4   ,3,,,,,,,,,,,,,
Si III , ,  ,7.02E+06,257 831.4   ,4,,,,,,,,,,,,,
Si I ,570.8397,160,1.39E+06,57 468.239 ,2,,,,,,,,,,,,,
Si III ,571.629,8,1.91E+07,227 088.72  ,3,,,,,,,,,,,,,
Si III , ,  ,6.36E+06,258 013.37  ,3,,,,,,,,,,,,,
 , , , , , ,,,,,,,,,,,,,
Si III ,573.973,20,5.41E+07,176 487.19  ,1,,,,,,,,,,,,,
Si I ,574.7667,45, , ,  ,,,,,,,,,,,,,
Si I ,575.3625,45, , ,  ,,,,,,,,,,,,,
Si I ,575.422,45,1.23E+06,57 328.789 ,1,,,,,,,,,,,,,
Si I ,576.2977,45, , ,  ,,,,,,,,,,,,,
 , , , , , ,,,,,,,,,,,,,
Si XIII , ,  ,6.36E+05,(17 598 255)    ,2,,,,,,,,,,,,,
Si I ,577.2145,70,3.56E+06,58 311.659 ,0,,,,,,,,,,,,,
Si XIII , ,  ,7.03E+04,(17 598 207)    ,1,,,,,,,,,,,,,
Si I ,578.0384,70,2.97E+05,56 978.256 ,1,,,,,,,,,,,,,
Si II ,578.573, 30w , , ,  ,,,,,,,,,,,,,
 , , , , , ,,,,,,,,,,,,,
Si I ,579.3071,90,3.83E+05,57 017.496 ,2,,,,,,,,,,,,,
Si II ,579.49, 30w , , ,  ,,,,,,,,,,,,,
Si I ,579.7859,100,2.53E+05,57 198.027 ,3,,,,,,,,,,,,,
Si II ,580.047, 150w , , ,  ,,,,,,,,,,,,,
Si I , ,  ,2.12E+05,56 978.256 ,1,,,,,,,,,,,,,
 , , , , , ,,,,,,,,,,,,,
Si II ,580.674,200, , ,  ,,,,,,,,,,,,,
Si III , ,  ,1.26E+07,244 871.47  ,1,,,,,,,,,,,,,
Si II ,582.78,30, , ,  ,,,,,,,,,,,,,
Si II ,584.613,50, , ,  ,,,,,,,,,,,,,
Si I , ,  ,1.24E+05,57 017.496 ,2,,,,,,,,,,,,,
 , , , , , ,,,,,,,,,,,,,
Si II ,586.748,10, , ,  ,,,,,,,,,,,,,
Si II ,586.84, 300w , , ,  ,,,,,,,,,,,,,
Si I , ,  ,1.36E+04,56 978.256 ,1,,,,,,,,,,,,,
Si I ,587.3764,40, , ,  ,,,,,,,,,,,,,
Si III ,589.879, 10w ,4.86E+07,242 474.27  ,4,,,,,,,,,,,,,
 , , , , , ,,,,,,,,,,,,,
Si II ,591.522,150, , ,  ,,,,,,,,,,,,,
Si I ,594.8545,200,2.22E+06,57 798.072 ,2,,,,,,,,,,,,,
Si II ,595.756,500,5.60E+07,97 972.09  , 1/2 ,,,,,,,,,,,,,
Si II ,597.893,500,1.13E+08,97 972.09  , 1/2 ,,,,,,,,,,,,,
Si II ,606.745, 10w , , ,  ,,,,,,,,,,,,,
 , , , , , ,,,,,,,,,,,,,
Si II ,608.006, 20w , , ,  ,,,,,,,,,,,,,
Si II ,608.667, 10w , , ,  ,,,,,,,,,,,,,
Si I ,612.5021,90, , ,  ,,,,,,,,,,,,,
Si I ,613.1574,85, , ,  ,,,,,,,,,,,,,
Si I ,613.185,90, , ,  ,,,,,,,,,,,,,
 , , , , , ,,,,,,,,,,,,,
Si I ,614.2487,100, , ,  ,,,,,,,,,,,,,
Si I ,614.5015,100, , ,  ,,,,,,,,,,,,,
Si III , ,  ,7.05E+05,250 636.55  ,2,,,,,,,,,,,,,
Si I ,615.5134,160, , ,  ,,,,,,,,,,,,,
Si III , ,  ,1.06E+07,243 868.50  ,3,,,,,,,,,,,,,
 , , , , , ,,,,,,,,,,,,,
Si III , ,  ,8.11E+04,175 263.10  ,1,,,,,,,,,,,,,
Si III , ,  ,1.31E-06,159 069.61  ,0,,,,,,,,,,,,,
Si III , ,  ,1.08E-12,159 069.61  ,0,,,,,,,,,,,,,
Si I ,623.732,160, , ,  ,,,,,,,,,,,,,
Si I ,623.8287,40, , ,  ,,,,,,,,,,,,,
 , , , , , ,,,,,,,,,,,,,
Si II , ,  ,1.61E+06,119 578.23  , 7/2 ,,,,,,,,,,,,,
Si II , ,  ,2.58E+07,119 578.23  , 9/2 ,,,,,,,,,,,,,
Si II , ,  ,2.25E+07,119 578.23  , 7/2 ,,,,,,,,,,,,,
Si I ,624.3813,125, , ,  ,,,,,,,,,,,,,
Si I ,624.4468,125, , ,  ,,,,,,,,,,,,,
 , , , , , ,,,,,,,,,,,,,
Si I ,625.4188,180, , ,  ,,,,,,,,,,,,,
Si III , ,  ,2.94E+03,217 489.49  ,3,,,,,,,,,,,,,
Si III , ,  ,2.34E+04,217 489.49  ,3,,,,,,,,,,,,,
Si X , ,  ,8.09E+01,1 995 140+x   , 3/2 ,,,,,,,,,,,,,
Si III , ,  ,3.91E+03,217 439.92  ,2,,,,,,,,,,,,,
 , , , , , ,,,,,,,,,,,,,
Si III , ,  ,1.81E+04,217 439.92  ,2,,,,,,,,,,,,,
Si III , ,  ,4.05E+03,217 439.92  ,2,,,,,,,,,,,,,
Si III ,631.446,7,1.18E+08,230 364.46  ,0,,,,,,,,,,,,,
Si I ,633.1954,45,1.00E+04,56 780.427 ,1,,,,,,,,,,,,,
Si III , ,  ,1.93E+04,217 385.77  ,1,,,,,,,,,,,,,
 , , , , , ,,,,,,,,,,,,,
Si III , ,  ,6.46E+03,217 385.77  ,1,,,,,,,,,,,,,
Si XI , ,  ,8.40E+06,3 203 130     ,3,,,,,,,,,,,,,
Si II ,634.71,1000,5.84E+07,81 251.32  , 3/2 ,,,,,,,,,,,,,
Si II ,637.136,1000,6.80E+07,81 191.34  , 1/2 ,,,,,,,,,,,,,
Si III , ,  ,1.06E+07,257 853.6   ,3,,,,,,,,,,,,,
 , , , , , ,,,,,,,,,,,,,
Si III , ,  ,9.24E+05,257 853.6   ,3,,,,,,,,,,,,,
Si III , ,  ,1.08E+07,257 853.6   ,4,,,,,,,,,,,,,
Si III , ,  ,1.41E+04,257 853.6   ,3,,,,,,,,,,,,,
Si III , ,  ,7.19E+05,257 853.6   ,4,,,,,,,,,,,,,
Si III , ,  ,1.15E+07,257 853.6   ,5,,,,,,,,,,,,,
 , , , , , ,,,,,,,,,,,,,
Si X , ,  ,7.85E+02,1 995 140+x   , 3/2 ,,,,,,,,,,,,,
Si III , ,  ,2.09E+06,249 766.19  ,1,,,,,,,,,,,,,
Si III , ,  ,6.25E+06,249 766.19  ,1,,,,,,,,,,,,,
Si I , ,  ,5.90E+05,63 356.24  ,2,,,,,,,,,,,,,
Si III , ,  ,3.22E+07,242 410.88  ,2,,,,,,,,,,,,,
 , , , , , ,,,,,,,,,,,,,
Si III , ,  ,3.40E+07,242 411.27  ,3,,,,,,,,,,,,,
Si III , ,  ,5.97E+06,242 410.88  ,2,,,,,,,,,,,,,
Si III , ,  ,1.04E+07,249 766.19  ,1,,,,,,,,,,,,,
Si III ,652.436, 6w ,3.82E+07,242 411.70  ,4,,,,,,,,,,,,,
Si III , ,  ,4.26E+06,242 411.27  ,3,,,,,,,,,,,,,
 , , , , , ,,,,,,,,,,,,,
Si III , ,  ,1.68E+05,242 410.88  ,2,,,,,,,,,,,,,
Si I ,652.6609,45, , ,  ,,,,,,,,,,,,,
Si I , ,  ,2.74E-02,15 394.370 ,0,,,,,,,,,,,,,
Si I ,652.7199,45, , ,  ,,,,,,,,,,,,,
Si I , ,  ,1.10E+05,63 356.24  ,2,,,,,,,,,,,,,
 , , , , , ,,,,,,,,,,,,,
Si I ,655.5462,45,6.90E+05,63 514.533 ,4,,,,,,,,,,,,,
Si I , ,  ,6.00E+05,63 340.70  ,3,,,,,,,,,,,,,
Si III , ,  ,5.86E+06,250 636.55  ,2,,,,,,,,,,,,,
Si I , ,  ,7.75E-04,15 394.370 ,0,,,,,,,,,,,,,
Si I , ,  ,2.90E+03,63 356.24  ,2,,,,,,,,,,,,,
 , , , , , ,,,,,,,,,,,,,
Si I , ,  ,7.30E+04,63 340.70  ,3,,,,,,,,,,,,,
Si III , ,  ,8.81E+04,240 549.77  ,2,,,,,,,,,,,,,
Si II ,666.052, 50w ,3.64E+07,131 988.05  , 5/2 ,,,,,,,,,,,,,
Si III , ,  ,3.98E+03,257 415.6   ,3,,,,,,,,,,,,,
Si III , ,  ,1.97E+05,257 415.6   ,2,,,,,,,,,,,,,
 , , , , , ,,,,,,,,,,,,,
Si III , ,  ,1.77E+06,257 415.6   ,1,,,,,,,,,,,,,
Si III , ,  ,1.41E+05,257 415.6   ,3,,,,,,,,,,,,,
Si III , ,  ,1.57E+06,257 415.6   ,2,,,,,,,,,,,,,
Si III , ,  ,1.63E+06,257 415.6   ,3,,,,,,,,,,,,,
Si II ,666.5,15,2.16E+07,131 861.93  , 3/2 ,,,,,,,,,,,,,
 , , , , , ,,,,,,,,,,,,,
Si IV ,666.756,5,1.15E+08,291 497.50  , 3/2 ,,,,,,,,,,,,,
Si II ,667.188,100,4.80E+07,132 162.29  , 7/2 ,,,,,,,,,,,,,
Si II , ,  ,1.24E+06,118 522.93  , 5/2 ,,,,,,,,,,,,,
Si II , ,  ,6.19E+04,118 522.93  , 5/2 ,,,,,,,,,,,,,
Si II , ,  ,1.30E+06,118 522.86  , 3/2 ,,,,,,,,,,,,,
 , , , , , ,,,,,,,,,,,,,
Si II ,669.938,20,4.20E+07,131 784.9   , 1/2 ,,,,,,,,,,,,,
Si IV ,670.121,7,1.36E+08,291 497.60  , 5/2 ,,,,,,,,,,,,,
Si IV , ,  ,2.27E+07,291 497.50  , 3/2 ,,,,,,,,,,,,,
Si II , ,  ,2.70E+07,131 861.93  , 3/2 ,,,,,,,,,,,,,
Si II ,671.704, 50w , , ,  ,,,,,,,,,,,,,
 , , , , , ,,,,,,,,,,,,,
Si I ,672.1853,100,3.40E+06,62 156.816 ,2,,,,,,,,,,,,,
Si I ,674.164,30, , ,  ,,,,,,,,,,,,,
Si III , ,  ,1.84E+03,245 086.58  ,3,,,,,,,,,,,,,
Si III , ,  ,6.52E+04,245 086.58  ,3,,,,,,,,,,,,,
Si III , ,  ,7.53E+05,245 086.58  ,3,,,,,,,,,,,,,
 , , , , , ,,,,,,,,,,,,,
Si II ,675.028, 20w ,1.49E+07,131 988.05  , 5/2 ,,,,,,,,,,,,,
Si II , ,  ,8.31E+06,131 784.9   , 1/2 ,,,,,,,,,,,,,
Si III , ,  ,1.77E+07,216 350.26  ,0,,,,,,,,,,,,,
Si III , ,  ,4.38E+06,216 288.69  ,1,,,,,,,,,,,,,
Si III , ,  ,1.31E+07,216 288.69  ,1,,,,,,,,,,,,,
 , , , , , ,,,,,,,,,,,,,
Si III , ,  ,7.47E+06,250 636.55  ,2,,,,,,,,,,,,,
Si II , ,  ,2.44E+06,131 861.93  , 3/2 ,,,,,,,,,,,,,
Si III , ,  ,8.88E+06,249 121.14  ,3,,,,,,,,,,,,,
Si III , ,  ,4.93E+06,249 093.5   ,1,,,,,,,,,,,,,
Si III , ,  ,6.65E+06,249 103.90  ,2,,,,,,,,,,,,,
 , , , , , ,,,,,,,,,,,,,
Si III , ,  ,3.69E+06,249 093.5   ,1,,,,,,,,,,,,,
Si II ,681.845,30,1.08E+07,118 522.86  , 3/2 ,,,,,,,,,,,,,
Si III , ,  ,2.21E+06,249 103.90  ,2,,,,,,,,,,,,,
Si III , ,  ,2.46E+05,249 093.5   ,1,,,,,,,,,,,,,
Si II , ,  ,1.30E+07,118 522.93  , 5/2 ,,,,,,,,,,,,,
 , , , , , ,,,,,,,,,,,,,
Si II ,682.982,50,2.16E+06,118 522.86  , 3/2 ,,,,,,,,,,,,,
Si III ,683.156, 6w ,5.83E+07,229 623.19  ,1,,,,,,,,,,,,,
Si III , ,  ,3.50E+07,229 623.19  ,1,,,,,,,,,,,,,
Si III , ,  ,1.17E+07,229 623.19  ,1,,,,,,,,,,,,,
Si III , ,  ,8.73E+04,244 866.05  ,2,,,,,,,,,,,,,
 , , , , , ,,,,,,,,,,,,,
Si I ,684.8568,30, , ,  ,,,,,,,,,,,,,
Si III , ,  ,1.71E+05,216 190.24  ,2,,,,,,,,,,,,,
Si III , ,  ,2.57E+06,216 190.24  ,2,,,,,,,,,,,,,
Si III ,685.165, 7w , , ,  ,,,,,,,,,,,,,
Si III , ,  ,1.44E+07,216 190.24  ,2,,,,,,,,,,,,,
 , , , , , ,,,,,,,,,,,,,
Si III , ,  ,7.63E+05,244 736.93  ,1,,,,,,,,,,,,,
Si III , ,  ,7.33E+05,248 772.86  ,1,,,,,,,,,,,,,
Si III , ,  ,2.20E+06,248 772.86  ,1,,,,,,,,,,,,,
Si III , ,  ,3.65E+06,248 772.86  ,1,,,,,,,,,,,,,
Si I ,697.6523,80,3.26E+06,62 349.93  ,2,,,,,,,,,,,,,
 , , , , , ,,,,,,,,,,,,,
Si III , ,  ,6.24E+06,254 855.42  ,3,,,,,,,,,,,,,
Si III , ,  ,7.23E+06,254 557.03  ,2,,,,,,,,,,,,,
Si IV ,699.836, 3w* ,3.65E+06,328 200.04  , 5/2 ,,,,,,,,,,,,,
Si IV ,699.836, 3w* ,5.48E+07,328 200.04  , 7/2 ,,,,,,,,,,,,,
Si IV ,699.836, 3w* ,5.11E+07,328 200.04  , 5/2 ,,,,,,,,,,,,,
 , , , , , ,,,,,,,,,,,,,
Si I ,700.3567,180,3.42E+06,62 376.820 ,3,,,,,,,,,,,,,
Si III , ,  ,7.61E+06,254 557.26  ,3,,,,,,,,,,,,,
Si III , ,  ,1.34E+06,254 557.03  ,2,,,,,,,,,,,,,
Si I ,700.5883,180,3.83E+06,62 534.08  ,4,,,,,,,,,,,,,
Si I , ,  ,5.96E+05,62 349.93  ,2,,,,,,,,,,,,,
 , , , , , ,,,,,,,,,,,,,
Si I ,701.728,30, , ,  ,,,,,,,,,,,,,
Si I ,701.7646,90, , ,  ,,,,,,,,,,,,,
Si III , ,  ,8.51E+06,254 557.64  ,4,,,,,,,,,,,,,
Si III , ,  ,9.49E+05,254 557.26  ,3,,,,,,,,,,,,,
Si III , ,  ,3.75E+04,254 557.03  ,2,,,,,,,,,,,,,
 , , , , , ,,,,,,,,,,,,,
Si I ,703.4903,250, , ,  ,,,,,,,,,,,,,
Si III , ,  ,2.63E+07,242 885.30  ,1,,,,,,,,,,,,,
Si IV , ,  ,1.00E+07,305 682.27  , 3/2 ,,,,,,,,,,,,,
Si IV ,704.794, 6w ,9.05E+07,305 682.27  , 3/2 ,,,,,,,,,,,,,
Si IV ,706.841, 4w ,1.00E+08,305 641.10  , 1/2 ,,,,,,,,,,,,,
 , , , , , ,,,,,,,,,,,,,
Si I , ,  ,4.13E+05,62 376.820 ,3,,,,,,,,,,,,,
Si III , ,  ,2.34E+06,258 978.66  ,0,,,,,,,,,,,,,
Si I , ,  ,1.62E+04,62 349.93  ,2,,,,,,,,,,,,,
Si II , ,  ,5.38E+06,117 914.80  , 1/2 ,,,,,,,,,,,,,
Si XIII , ,  ,5.89E+06,(18 493 662)    ,2,,,,,,,,,,,,,
 , , , , , ,,,,,,,,,,,,,
Si II , ,  ,1.07E+07,117 914.80  , 1/2 ,,,,,,,,,,,,,
Si IV , ,  ,5.80E+05,332 759.92  , 3/2 ,,,,,,,,,,,,,
Si IV , ,  ,6.34E+05,332 743.87  , 1/2 ,,,,,,,,,,,,,
Si III , ,  ,9.84E+05,257 848.5   ,2,,,,,,,,,,,,,
Si I ,716.469,70, , ,  ,,,,,,,,,,,,,
 , , , , , ,,,,,,,,,,,,,
Si I ,716.5545,200, , ,  ,,,,,,,,,,,,,
Si I ,718.489,70, , ,  ,,,,,,,,,,,,,
Si III , ,  ,1.87E+07,249 857.26  ,0,,,,,,,,,,,,,
Si I ,719.358,65,7.17E+05,62 925.80  ,1,,,,,,,,,,,,,
Si I ,719.39,30, , ,  ,,,,,,,,,,,,,
 , , , , , ,,,,,,,,,,,,,
Si I , ,  ,5.35E+05,62 925.80  ,1,,,,,,,,,,,,,
Si III , ,  ,4.66E+06,240 262.28  ,1,,,,,,,,,,,,,
Si II , ,  ,6.20E+00,79 355.02  , 5/2 ,,,,,,,,,,,,,
Si III , ,  ,3.04E+06,242 537.95  ,0,,,,,,,,,,,,,
Si II , ,  ,6.18E+00,79 338.50  , 3/2 ,,,,,,,,,,,,,
 , , , , , ,,,,,,,,,,,,,
Si I ,722.6206,100, , ,  ,,,,,,,,,,,,,
Si I ,723.5326,100, , ,  ,,,,,,,,,,,,,
Si I ,723.582,60, , ,  ,,,,,,,,,,,,,
Si I ,725.0625,180, , ,  ,,,,,,,,,,,,,
Si III , ,  ,6.17E+06,240 284.28  ,2,,,,,,,,,,,,,
 , , , , , ,,,,,,,,,,,,,
Si I , ,  ,1.25E+06,62 936.14  ,3,,,,,,,,,,,,,
Si I ,727.5294,160, , ,  ,,,,,,,,,,,,,
Si III , ,  ,9.37E+04,248 168.04  ,2,,,,,,,,,,,,,
Si IV , ,  ,1.29E+06,336 051.55  , 3/2 ,,,,,,,,,,,,,
Si I , ,  ,3.46E+04,62 925.80  ,1,,,,,,,,,,,,,
 , , , , , ,,,,,,,,,,,,,
Si III , ,  ,3.41E+06,240 262.28  ,1,,,,,,,,,,,,,
Si I ,728.281,40, , ,  ,,,,,,,,,,,,,
Si III , ,  ,2.81E+05,248 168.04  ,2,,,,,,,,,,,,,
Si I ,728.9173,400, , ,  ,,,,,,,,,,,,,
Si I , ,  ,9.33E+05,62 774.99  ,2,,,,,,,,,,,,,
 , , , , , ,,,,,,,,,,,,,
Si IV , ,  ,2.45E+05,336 051.55  , 3/2 ,,,,,,,,,,,,,
Si IV , ,  ,1.47E+06,336 051.55  , 5/2 ,,,,,,,,,,,,,
Si I ,729.026,55, , ,  ,,,,,,,,,,,,,
Si I , ,  ,3.02E+05,62 774.99  ,2,,,,,,,,,,,,,
Si X , ,  ,2.14E+02,1 992 830+x   , 1/2 ,,,,,,,,,,,,,
 , , , , , ,,,,,,,,,,,,,
Si III , ,  ,3.43E+04,243 868.50  ,3,,,,,,,,,,,,,
Si I ,737.3,35, , ,  ,,,,,,,,,,,,,
Si III , ,  ,8.74E+05,247 935.39  ,2,,,,,,,,,,,,,
Si III , ,  ,1.20E+05,247 953.69  ,1,,,,,,,,,,,,,
Si III , ,  ,8.97E+04,247 953.69  ,1,,,,,,,,,,,,,
 , , , , , ,,,,,,,,,,,,,
Si III , ,  ,1.49E+05,247 953.69  ,1,,,,,,,,,,,,,
Si I ,740.5774,375, , ,  ,,,,,,,,,,,,,
Si III , ,  ,7.76E+06,240 314.63  ,3,,,,,,,,,,,,,
Si I ,740.9082,200, , ,  ,,,,,,,,,,,,,
Si I ,741.535,40, , ,  ,,,,,,,,,,,,,
 , , , , , ,,,,,,,,,,,,,
Si I ,741.5946,275, , ,  ,,,,,,,,,,,,,
Si I ,742.3497,425, , ,  ,,,,,,,,,,,,,
Si I ,742.46,85, , ,  ,,,,,,,,,,,,,
Si III , ,  ,1.92E+06,240 284.28  ,2,,,,,,,,,,,,,
Si III , ,  ,3.52E+05,247 871.66  ,0,,,,,,,,,,,,,
 , , , , , ,,,,,,,,,,,,,
Si III , ,  ,2.13E+05,240 262.28  ,1,,,,,,,,,,,,,
Si III , ,  ,1.60E+07,229 623.19  ,1,,,,,,,,,,,,,
Si III ,746.189, 5w ,4.99E+07,214 995.46  ,0,,,,,,,,,,,,,
Si III , ,  ,1.25E+07,214 994.65  ,1,,,,,,,,,,,,,
Si III ,746.262, 8w ,3.75E+07,214 994.65  ,1,,,,,,,,,,,,,
 , , , , , ,,,,,,,,,,,,,
Si III , ,  ,4.99E+05,214 989.27  ,2,,,,,,,,,,,,,
Si III , ,  ,7.49E+06,214 989.27  ,2,,,,,,,,,,,,,
Si III ,746.632, 9w ,4.19E+07,214 989.27  ,2,,,,,,,,,,,,,
Si III , ,  ,9.39E+06,229 623.19  ,1,,,,,,,,,,,,,
Si III , ,  ,3.09E+06,229 623.19  ,1,,,,,,,,,,,,,
 , , , , , ,,,,,,,,,,,,,
Si III , ,  ,8.19E-07,142 948.25  ,1,,,,,,,,,,,,,
Si III , ,  ,2.16E-03,142 945.84  ,2,,,,,,,,,,,,,
Si XIII , ,  ,4.84E+06,(18 492 768)    ,1,,,,,,,,,,,,,
Si III ,761.236, 12w ,9.94E+07,227 665.09  ,2,,,,,,,,,,,,,
Si III , ,  ,2.38E-06,142 948.25  ,1,,,,,,,,,,,,,
 , , , , , ,,,,,,,,,,,,,
Si III , ,  ,4.46E-03,142 948.25  ,1,,,,,,,,,,,,,
Si III , ,  ,1.02E-07,142 945.84  ,2,,,,,,,,,,,,,
Si III , ,  ,4.80E-04,142 945.84  ,2,,,,,,,,,,,,,
Si III , ,  ,2.14E-03,142 943.74  ,3,,,,,,,,,,,,,
Si IV ,763.05, 2w ,4.40E+07,318 742.79  , 1/2 ,,,,,,,,,,,,,
 , , , , , ,,,,,,,,,,,,,
Si III , ,  ,4.01E+05,257 831.4   ,2,,,,,,,,,,,,,
Si IV ,765.456, 4w ,8.82E+07,318 742.79  , 1/2 ,,,,,,,,,,,,,
Si IV ,767.875, 4w , , ,  ,,,,,,,,,,,,,
Si I ,768.0267,100,4.62E+06,60 300.860 ,2,,,,,,,,,,,,,
Si III , ,  ,7.23E+04,257 831.4   ,2,,,,,,,,,,,,,
 , , , , , ,,,,,,,,,,,,,
Si III , ,  ,4.12E+05,257 831.4   ,3,,,,,,,,,,,,,
Si II , ,  ,2.10E+04,113 976.72  , 3/2 ,,,,,,,,,,,,,
Si II , ,  ,1.89E+05,113 976.72  , 3/2 ,,,,,,,,,,,,,
Si IV ,771.879, 5w , , ,  ,,,,,,,,,,,,,
Si IV ,772.382, 6w , , ,  ,,,,,,,,,,,,,
 , , , , , ,,,,,,,,,,,,,
Si IV ,772.564, 2w , , ,  ,,,,,,,,,,,,,
Si II , ,  ,6.75E+04,113 962.08  , 1/2 ,,,,,,,,,,,,,
Si IV ,773.047, 1w , , ,  ,,,,,,,,,,,,,
Si XIII , ,  ,4.57E+06,(18 492 532)    ,0,,,,,,,,,,,,,
Si I ,774.271,40,5.34E+06,62 966.61  ,5,,,,,,,,,,,,,
 , , , , , ,,,,,,,,,,,,,
Si IV ,775.291, 1w , , ,  ,,,,,,,,,,,,,
Si III , ,  ,1.60E-06,142 948.25  ,1,,,,,,,,,,,,,
Si III , ,  ,1.36E-03,142 948.25  ,1,,,,,,,,,,,,,
Si III , ,  ,2.35E-06,142 945.84  ,2,,,,,,,,,,,,,
Si III , ,  ,3.21E-03,142 945.84  ,2,,,,,,,,,,,,,
 , , , , , ,,,,,,,,,,,,,
Si III , ,  ,2.21E-06,142 943.74  ,3,,,,,,,,,,,,,
Si III , ,  ,3.73E-03,142 943.74  ,3,,,,,,,,,,,,,
Si I ,780.0008,30, , ,  ,,,,,,,,,,,,,
Si III , ,  ,1.94E+03,257 831.4   ,2,,,,,,,,,,,,,
Si III , ,  ,4.91E+04,257 831.4   ,3,,,,,,,,,,,,,
 , , , , , ,,,,,,,,,,,,,
Si III , ,  ,4.40E+05,257 831.4   ,4,,,,,,,,,,,,,
Si II ,784.88,400,3.73E+07,113 760.32  , 5/2 ,,,,,,,,,,,,,
Si II , ,  ,2.66E+06,113 760.32  , 5/2 ,,,,,,,,,,,,,
Si II ,784.972,500,3.99E+07,113 760.15  , 7/2 ,,,,,,,,,,,,,
Si I ,784.9967,30, , ,  ,,,,,,,,,,,,,
 , , , , , ,,,,,,,,,,,,,
Si II , ,  ,2.41E+05,126 396.47  , 7/2 ,,,,,,,,,,,,,
Si II , ,  ,3.85E+06,126 396.47  , 9/2 ,,,,,,,,,,,,,
Si II , ,  ,3.37E+06,126 396.47  , 7/2 ,,,,,,,,,,,,,
Si I ,791.8386,90,5.22E+06,60 645.441 ,2,,,,,,,,,,,,,
Si I , ,  ,2.08E+06,62 802.86  ,3,,,,,,,,,,,,,
 , , , , , ,,,,,,,,,,,,,
Si I ,793.2349,120,5.13E+06,60 705.464 ,3,,,,,,,,,,,,,
Si I ,794.4001,140,5.75E+06,60 848.946 ,4,,,,,,,,,,,,,
Si I ,797.0306,35,7.11E+05,60 645.441 ,2,,,,,,,,,,,,,
Si III , ,  ,6.24E+05,247 935.39  ,2,,,,,,,,,,,,,
Si II , ,  ,1.48E-02,55 325.18  , 5/2 ,,,,,,,,,,,,,
 , , , , , ,,,,,,,,,,,,,
Si I , ,  ,9.20E+04,62 985.96  ,1,,,,,,,,,,,,,
Si II , ,  ,1.49E-02,55 309.35  , 3/2 ,,,,,,,,,,,,,
Si II , ,  ,6.56E-04,55 309.35  , 3/2 ,,,,,,,,,,,,,
Si I , ,  ,9.77E+05,61 511.77  ,1,,,,,,,,,,,,,
Si I , ,  ,7.26E+05,61 511.77  ,1,,,,,,,,,,,,,
 , , , , , ,,,,,,,,,,,,,
Si I ,803.5619,35,8.11E+05,60 705.464 ,3,,,,,,,,,,,,,
Si II , ,  ,4.41E+06,124 822.14  , 5/2 ,,,,,,,,,,,,,
Si II , ,  ,3.15E+05,124 822.14  , 5/2 ,,,,,,,,,,,,,
Si II , ,  ,4.73E+06,124 822.08  , 7/2 ,,,,,,,,,,,,,
Si I , ,  ,1.36E+06,62 985.96  ,1,,,,,,,,,,,,,
 , , , , , ,,,,,,,,,,,,,
Si II , ,  ,1.35E-03,55 325.18  , 5/2 ,,,,,,,,,,,,,
Si II , ,  ,3.13E-05,55 325.18  , 5/2 ,,,,,,,,,,,,,
Si I , ,  ,1.29E+06,61 447.86  ,2,,,,,,,,,,,,,
Si I , ,  ,1.72E+06,61 574.814 ,3,,,,,,,,,,,,,
Si I , ,  ,1.80E+06,62 985.96  ,1,,,,,,,,,,,,,
 , , , , , ,,,,,,,,,,,,,
Si I , ,  ,3.16E+04,60 645.441 ,2,,,,,,,,,,,,,
Si II , ,  ,2.52E+00,55 309.35  , 3/2 ,,,,,,,,,,,,,
Si II , ,  ,8.18E-06,55 309.35  , 3/2 ,,,,,,,,,,,,,
Si I ,809.3241,70,1.50E+06,59 636.667 ,1,,,,,,,,,,,,,
Si III ,810.286, 9w , , ,  ,,,,,,,,,,,,,
 , , , , , ,,,,,,,,,,,,,
Si III ,810.345, 11w , , ,  ,,,,,,,,,,,,,
Si I , ,  ,4.69E+04,61 511.77  ,1,,,,,,,,,,,,,
Si I , ,  ,4.16E+05,61 447.86  ,2,,,,,,,,,,,,,
Si II , ,  ,6.65E-03,55 325.18  , 5/2 ,,,,,,,,,,,,,
Si II , ,  ,1.98E-04,55 325.18  , 5/2 ,,,,,,,,,,,,,
 , , , , , ,,,,,,,,,,,,,
Si III ,819.043, 7w ,8.09E+07,242 473.66  ,3,,,,,,,,,,,,,
Si III , ,  ,8.19E+07,242 473.86  ,4,,,,,,,,,,,,,
Si III ,819.116, 6w ,7.05E+06,242 473.66  ,3,,,,,,,,,,,,,
Si III ,819.168, 8w ,8.78E+07,242 474.81  ,5,,,,,,,,,,,,,
Si III , ,  ,5.48E+06,242 473.86  ,4,,,,,,,,,,,,,
 , , , , , ,,,,,,,,,,,,,
Si III , ,  ,1.07E+05,242 473.66  ,3,,,,,,,,,,,,,
Si II , ,  ,8.35E-05,55 309.35  , 3/2 ,,,,,,,,,,,,,
Si II , ,  ,7.52E-04,55 309.35  , 3/2 ,,,,,,,,,,,,,
Si III , ,  ,1.83E+07,254 585.75  ,5,,,,,,,,,,,,,
Si III , ,  ,1.68E+07,254 584.8   ,3,,,,,,,,,,,,,
 , , , , , ,,,,,,,,,,,,,
Si III , ,  ,1.47E+06,254 584.8   ,3,,,,,,,,,,,,,
Si III , ,  ,1.71E+07,254 584.8   ,4,,,,,,,,,,,,,
Si III , ,  ,2.24E+04,254 584.8   ,3,,,,,,,,,,,,,
Si III , ,  ,1.15E+06,254 584.8   ,4,,,,,,,,,,,,,
Si I ,823.0642,35, , ,  ,,,,,,,,,,,,,
 , , , , , ,,,,,,,,,,,,,
Si IV ,824.061, 1w* ,1.23E+07,327 361.97  , 3/2 ,,,,,,,,,,,,,
Si IV ,824.061, 1w* ,1.17E+07,327 361.97  , 5/2 ,,,,,,,,,,,,,
Si IV ,824.061, 1w* ,5.85E+05,327 361.97  , 5/2 ,,,,,,,,,,,,,
Si III , ,  ,8.14E+02,242 411.70  ,4,,,,,,,,,,,,,
Si III , ,  ,6.86E+04,242 411.27  ,3,,,,,,,,,,,,,
 , , , , , ,,,,,,,,,,,,,
Si III , ,  ,5.34E+04,242 411.70  ,4,,,,,,,,,,,,,
Si III , ,  ,1.10E+06,242 410.88  ,2,,,,,,,,,,,,,
Si III , ,  ,1.03E+06,242 411.27  ,3,,,,,,,,,,,,,
Si III , ,  ,1.04E+06,242 411.70  ,4,,,,,,,,,,,,,
Si III ,826.257, 9w ,7.18E+07,227 088.72  ,3,,,,,,,,,,,,,
 , , , , , ,,,,,,,,,,,,,
Si III ,826.564, 5w ,1.80E+07,227 084.21  ,2,,,,,,,,,,,,,
Si III , ,  ,1.98E+06,227 081.19  ,1,,,,,,,,,,,,,
Si III ,826.932, 8w ,5.36E+07,227 084.21  ,2,,,,,,,,,,,,,
Si III ,827.138, 5w ,2.98E+07,227 081.19  ,1,,,,,,,,,,,,,
Si III ,827.194, 6w ,3.96E+07,227 081.19  ,1,,,,,,,,,,,,,
 , , , , , ,,,,,,,,,,,,,
Si III , ,  ,3.73E+02,254 557.64  ,4,,,,,,,,,,,,,
Si III , ,  ,2.44E+04,254 557.64  ,4,,,,,,,,,,,,,
Si III , ,  ,3.15E+04,254 557.26  ,3,,,,,,,,,,,,,
Si III , ,  ,4.71E+05,254 557.26  ,3,,,,,,,,,,,,,
Si III , ,  ,5.03E+05,254 557.03  ,2,,,,,,,,,,,,,
 , , , , , ,,,,,,,,,,,,,
Si III , ,  ,4.78E+05,254 557.64  ,4,,,,,,,,,,,,,
Si III , ,  ,1.02E+07,247 935.39  ,2,,,,,,,,,,,,,
Si I , ,  ,3.40E+05,62 156.816 ,2,,,,,,,,,,,,,
Si III , ,  ,2.93E+07,240 549.77  ,2,,,,,,,,,,,,,
Si I ,844.3982,40, , ,  ,,,,,,,,,,,,,
 , , , , , ,,,,,,,,,,,,,
Si I ,850.1547,40, , ,  ,,,,,,,,,,,,,
Si I ,850.2221,60, , ,  ,,,,,,,,,,,,,
Si I ,853.6165,40, , ,  ,,,,,,,,,,,,,
Si I ,855.678,120, , ,  ,,,,,,,,,,,,,
Si III , ,  ,6.27E+03,254 007.48  ,3,,,,,,,,,,,,,
 , , , , , ,,,,,,,,,,,,,
Si III , ,  ,2.22E+05,254 007.48  ,3,,,,,,,,,,,,,
Si III , ,  ,2.56E+06,254 007.48  ,3,,,,,,,,,,,,,
Si III , ,  ,3.11E+05,[254 004]    ,2,,,,,,,,,,,,,
Si III , ,  ,2.47E+06,[254 004]    ,2,,,,,,,,,,,,,
Si III , ,  ,2.79E+06,[254 002]    ,1,,,,,,,,,,,,,
 , , , , , ,,,,,,,,,,,,,
Si I ,864.8462,50,9.12E+06,61 614.37  ,5,,,,,,,,,,,,,
Si I , ,  ,1.90E+04,58 801.529 ,1,,,,,,,,,,,,,
Si I ,872.8011,40, , ,  ,,,,,,,,,,,,,
Si I ,874.2451,75, , ,  ,,,,,,,,,,,,,
Si I ,875.2009,100, , ,  ,,,,,,,,,,,,,
 , , , , , ,,,,,,,,,,,,,
Si I ,879.0389,35, , ,  ,,,,,,,,,,,,,
Si XI , ,  ,2.33E+06,3 009 720     ,3,,,,,,,,,,,,,
Si XI , ,  ,2.20E+06,3 009 720     ,2,,,,,,,,,,,,,
Si XI , ,  ,4.09E+05,3 009 720     ,2,,,,,,,,,,,,,
Si I , ,  ,3.42E+06,61 423.23  ,3,,,,,,,,,,,,,
 , , , , , ,,,,,,,,,,,,,
Si XI , ,  ,2.54E+06,3 009 720     ,4,,,,,,,,,,,,,
Si XI , ,  ,2.82E+05,3 009 720     ,3,,,,,,,,,,,,,
Si XI , ,  ,1.12E+04,3 009 720     ,2,,,,,,,,,,,,,
Si XII , ,  ,8.70E+06,[3 584 650]    , 3/2 ,,,,,,,,,,,,,
Si II , ,  ,3.73E+05,124 948.40  , 7/2 ,,,,,,,,,,,,,
 , , , , , ,,,,,,,,,,,,,
Si II , ,  ,5.97E+06,124 948.40  , 9/2 ,,,,,,,,,,,,,
Si II , ,  ,5.22E+06,124 948.40  , 7/2 ,,,,,,,,,,,,,
Si IV ,895.725, 2w ,4.26E+07,276 579.03  , 3/2 ,,,,,,,,,,,,,
Si I , ,  ,1.55E+05,61 647.36  ,1,,,,,,,,,,,,,
,,,,,,,,,,,,,,,,,,
,,,,,,,,,,,,,,,,,,
,,,,,,,,,,,,,,,,,,
,,,,,,,,,,,,,,,,,,
,,,,,,,,,,,,,,,,,,
,,,,,,,,,,,,,,,,,,
,,,,,,,,,,,,,,,,,,
,,,,,,,,,,,,,,,,,,
,,,,,,,,,,,,,,,,,,
,,,,,,,,,,,,,,,,,,
,,,,,,,,,,,,,,,,,,
,,,,,,,,,,,,,,,,,,
,,,,,,,,,,,,,,,,,,
,,,,,,,,,,,,,,,,,,
,,,,,,,,,,,,,,,,,,
,,,,,,,,,,,,,,,,,,
,,,,,,,,,,,,,,,,,,
,,,,,,,,,,,,,,,,,,
,,,,,,,,,,,,,,,,,,
,,,,,,,,,,,,,,,,,,
,,,,,,,,,,,,,,,,,,
,,,,,,,,,,,,,,,,,,
,,,,,,,,,,,,,,,,,,
,,,,,,,,,,,,,,,,,,
,,,,,,,,,,,,,,,,,,
,,,,,,,,,,,,,,,,,,
