wl,A,E,g,,,,,,,,,,,
246.297, ,50 368.336 ,3.5,,,,,,,,,,,
251.851, ,52 058.587 ,4.5,,,,,,,,,,,
254.868, ,50 564.294 ,2.5,,,,,,,,,,,
265.101, ,47 489.280 ,3.5,,,,,,,,,,,
270.688, ,41 198.309 ,2.5,,,,,,,,,,,
 , , ,#VALUE!,,,,,,,,,,,
272.338, ,48 657.336 ,3.5,,,,,,,,,,,
274.196, ,47 466.445 ,2.5,,,,,,,,,,,
275.089, ,41 992.356 ,6.5,,,,,,,,,,,
276.142, ,36 202.557 ,4.5,,,,,,,,,,,
278.427, ,44 081.375 ,1.5,,,,,,,,,,,
 , , ,#VALUE!,,,,,,,,,,,
278.535, ,48 151.739 ,4.5,,,,,,,,,,,
279.053, ,43 643.230 ,0.5,,,,,,,,,,,
279.142, ,45 130.529 ,2.5,,,,,,,,,,,
283.09, ,42 573.191 ,3.5,,,,,,,,,,,
283.331, ,43 460.533 ,2.5,,,,,,,,,,,
 , , ,#VALUE!,,,,,,,,,,,
283.331, ,45 598.301 ,3.5,,,,,,,,,,,
287.414, ,38 529.021 ,2.5,,,,,,,,,,,
290.842, ,38 832.709 ,2.5,,,,,,,,,,,
291.867, ,36 893.770 ,3.5,,,,,,,,,,,
295.594, ,36 202.557 ,4.5,,,,,,,,,,,
 , , ,#VALUE!,,,,,,,,,,,
296.48, ,39 394.990 ,3.5,,,,,,,,,,,
297.258, ,38 541.873 ,4.5,,,,,,,,,,,
297.691, ,37 848.550 ,2.5,,,,,,,,,,,
297.746, ,39 394.990 ,3.5,,,,,,,,,,,
298.041, ,48 024.675 ,2.5,,,,,,,,,,,
 , , ,#VALUE!,,,,,,,,,,,
299.087, ,35 807.568 ,4.5,,,,,,,,,,, 
299.442, ,37 652.091 ,2.5,,,,,,,,,,,
299.564, ,38 809.476 ,3.5,,,,,,,,,,,
300.879, ,35 807.568 ,4.5,,,,,,,,,,,
301.72, ,38 809.476 ,3.5,,,,,,,,,,,
 , , ,#VALUE!,,,,,,,,,,,
303.773, ,37 232.438 ,1.5,,,,,,,,,,, 
305.198, ,37 078.879 ,1.5,,,,,,,,,,,
305.524, ,37 232.438 ,1.5,,,,,,,,,,,
305.678, ,35 346.282 ,3.5,,,,,,,,,,,
306.301, ,39 871.833 ,4.5,,,,,,,,,,,
 , , ,#VALUE!,,,,,,,,,,,
308.367, ,38 809.476 ,3.5,,,,,,,,,,, 
308.444, ,37 848.550 ,2.5,,,,,,,,,,,
309.037, ,39 871.833 ,4.5,,,,,,,,,,,
310.338, ,35 807.568 ,4.5,,,,,,,,,,,
310.747, ,38 809.476 ,3.5,,,,,,,,,,,
 , , ,#VALUE!,,,,,,,,,,,
311.028, ,36 137.604 ,2.5,,,,,,,,,,, 
311.117, ,34 767.688 ,1.5,,,,,,,,,,,
312.753, ,35 558.702 ,3.5,,,,,,,,,,,
313.033, ,36 202.557 ,4.5,,,,,,,,,,,
313.087, ,31 930.936 ,4.5,,,,,,,,,,,
 , , ,#VALUE!,,,,,,,,,,,
314.46, ,34 426.037 ,2.5,,,,,,,,,,, 
314.528, ,34 426.037 ,2.5,,,,,,,,,,,
314.641, ,34 155.311 ,3.5,,,,,,,,,,,
316.415, ,33 977.140 ,3.5,,,,,,,,,,,
316.918, ,37 196.137 ,4.5,,,,,,,,,,,
 , , ,#VALUE!,,,,,,,,,,,
317.161, ,34 155.311 ,3.5,,,,,,,,,,, 
318.352, ,35 925.682 ,3.5,,,,,,,,,,,
318.613, ,37 196.137 ,4.5,,,,,,,,,,,
319.034, ,33 977.140 ,3.5,,,,,,,,,,,
319.483, ,36 202.557 ,4.5,,,,,,,,,,,
 , , ,#VALUE!,,,,,,,,,,,
319.928, ,36 923.789 ,4.5,,,,,,,,,,, 
320.171, ,38 137.682 ,5.5,,,,,,,,,,,
321.838, ,34 426.037 ,2.5,,,,,,,,,,,
321.894, ,37 970.532 ,5.5,,,,,,,,,,,
322.117, ,35 558.702 ,3.5,,,,,,,,,,,
 , , ,#VALUE!,,,,,,,,,,,
322.567, ,39 394.990 ,3.5,,,,,,,,,,, 
322.711, ,33 574.145 ,1.5,,,,,,,,,,,
322.936, ,33 552.582 ,2.5,,,,,,,,,,,
323.124, ,34 934.421 ,2.5,,,,,,,,,,,
323.416, ,33 552.582 ,2.5,,,,,,,,,,,
 , , ,#VALUE!,,,,,,,,,,,
323.489, ,38 137.682 ,5.5,,,,,,,,,,, 
323.674, ,35 346.282 ,3.5,,,,,,,,,,,
324.337, ,35 346.282 ,3.5,,,,,,,,,,,
324.667, ,34 155.311 ,3.5,,,,,,,,,,,
326.098, ,38 832.709 ,2.5,,,,,,,,,,,
 , , ,#VALUE!,,,,,,,,,,,
326.388, ,34 333.096 ,2.5,,,,,,,,,,, 
327.225, ,36 202.557 ,4.5,,,,,,,,,,,
327.486, ,36 202.557 ,4.5,,,,,,,,,,,
327.984, ,32 862.767 ,3.5,,,,,,,,,,,
328.522, ,34 426.037 ,2.5,,,,,,,,,,,
 , , ,#VALUE!,,,,,,,,,,,
329.528, ,34 333.096 ,2.5,,,,,,,,,,, 
329.688, ,36 844.305 ,2.5,,,,,,,,,,,
330.015, ,36 112.021 ,3.5,,,,,,,,,,,
330.484, ,35 925.682 ,3.5,,,,,,,,,,,
331.222, ,39 079.298 ,5.5,,,,,,,,,,,
 , , ,#VALUE!,,,,,,,,,,,
331.472, ,34 155.311 ,3.5,,,,,,,,,,, 
331.78, ,35 807.568 ,4.5,,,,,,,,,,,
333.446, ,40 039.524 ,6.5,,,,,,,,,,,
334.187, ,34 426.037 ,2.5,,,,,,,,,,,
334.386, ,35 716.083 ,5.5,,,,,,,,,,,
 , , ,#VALUE!,,,,,,,,,,,
334.476, ,34 155.311 ,3.5,,,,,,,,,,, 
335.502, ,31 207.927 ,3.5,,,,,,,,,,,
335.722, ,34 044.441 ,4.5,,,,,,,,,,,
336.054, ,41 058.614 ,7.5,,,,,,,,,,,
336.655, ,34 155.311 ,3.5,,,,,,,,,,,
 , , ,#VALUE!,,,,,,,,,,,
337.118, ,34 166.039 ,1.5,,,,,,,,,,, 
337.346, ,32 197.982 ,4.5,,,,,,,,,,,
337.373, ,34 155.311 ,3.5,,,,,,,,,,,
337.713, ,34 513.468 ,6.5,,,,,,,,,,,
338.368, ,33 811.567 ,4.5,,,,,,,,,,,
 , , ,#VALUE!,,,,,,,,,,,
340.491, ,31 234.878 ,2.5,,,,,,,,,,, 
340.598, ,33 811.567 ,4.5,,,,,,,,,,,
341.745, ,34 928.969 ,4.5,,,,,,,,,,,
342.271,1.94E+07,32 802.165 ,5.5,,,,,,,,,,,
342.621,1.55E+07,30 166.057 ,3.5,,,,,,,,,,,
 , , ,#VALUE!,,,,,,,,,,,
344.121, ,31 930.936 ,4.5,,,,,,,,,,, 
347.684, ,39 394.990 ,3.5,,,,,,,,,,,
348.235, ,33 552.582 ,2.5,,,,,,,,,,,
348.505,2.49E+07,28 685.758 ,2.5,,,,,,,,,,,
350.794,6.00E+06,29 908.904 ,4.5,,,,,,,,,,,
 , , ,#VALUE!,,,,,,,,,,,
351.738, ,35 716.083 ,5.5,,,,,,,,,,, 
352.052,8.30E+06,29 807.078 ,3.5,,,,,,,,,,,
352.188, ,33 296.805 ,4.5,,,,,,,,,,,
352.668, ,36 516.798 ,1.5,,,,,,,,,,,
353.405,3.24E+07,32 492.038 ,5.5,,,,,,,,,,,
 , , ,#VALUE!,,,,,,,,,,,
353.908,3.57E+07,30 829.124 ,3.5,,,,,,,,,,, 
354.56, ,31 075.603 ,4.5,,,,,,,,,,,
354.619, ,30 065.164 ,3.5,,,,,,,,,,,
355.273,9.80E+06,30 702.610 ,4.5,,,,,,,,,,,
355.5,1.55E+07,30 702.610 ,4.5,,,,,,,,,,,
 , , ,#VALUE!,,,,,,,,,,,
356.08,7.30E+07,33 531.388 ,6.5,,,,,,,,,,, 
357.623, ,29 364.740 ,3.5,,,,,,,,,,,
357.745,6.00E+07,31 738.484 ,5.5,,,,,,,,,,,
359.06, ,33 811.567 ,4.5,,,,,,,,,,,
360.763, ,33 148.589 ,2.5,,,,,,,,,,,
 , , ,#VALUE!,,,,,,,,,,,
360.969, ,34 928.969 ,4.5,,,,,,,,,,, 
361.37, ,31 930.936 ,4.5,,,,,,,,,,,
362.215, ,34 513.468 ,6.5,,,,,,,,,,,
362.374, ,33 552.582 ,2.5,,,,,,,,,,,
362.374, ,33 552.582 ,2.5,,,,,,,,,,,
 , , ,#VALUE!,,,,,,,,,,,
362.384, ,33 977.140 ,3.5,,,,,,,,,,, 
363.119, ,31 234.878 ,2.5,,,,,,,,,,,
364.697,1.50E+07,29 794.517 ,3.5,,,,,,,,,,,
364.775, ,34 928.969 ,4.5,,,,,,,,,,,
364.795, ,35 807.568 ,4.5,,,,,,,,,,,
 , , ,#VALUE!,,,,,,,,,,,
365.311,1.62E+07,30 245.878 ,4.5,,,,,,,,,,, 
365.367,2.28E+07,31 155.623 ,6.5,,,,,,,,,,,
365.497,1.25E+07,29 994.041 ,2.5,,,,,,,,,,,
365.585,4.49E+07,29 908.904 ,4.5,,,,,,,,,,,
365.923,1.32E+07,28 730.712 ,3.5,,,,,,,,,,,
 , , ,#VALUE!,,,,,,,,,,,
365.997,9.20E+06,28 725.148 ,4.5,,,,,,,,,,, 
366.064,1.98E+07,28 297.473 ,3.5,,,,,,,,,,,
366.798,2.82E+07,30 134.910 ,5.5,,,,,,,,,,,
367.279, ,34 513.468 ,6.5,,,,,,,,,,,
367.942, ,35 346.282 ,3.5,,,,,,,,,,,
 , , ,#VALUE!,,,,,,,,,,,
369.491,5.00E+06,29 438.817 ,5.5,,,,,,,,,,, 
370.498,6.20E+06,32 802.165 ,5.5,,,,,,,,,,,
370.929,2.94E+07,31 155.623 ,6.5,,,,,,,,,,,
370.993,2.63E+07,27 934.638 ,4.5,,,,,,,,,,,
371.637,3.10E+07,26 900.354 ,3.5,,,,,,,,,,,
 , , ,#VALUE!,,,,,,,,,,,
371.819, ,28 297.473 ,3.5,,,,,,,,,,, 
371.838, ,31 089.731 ,5.5,,,,,,,,,,,
371.98,8.00E+06,29 438.817 ,5.5,,,,,,,,,,,
372.568,1.28E+06,30 829.124 ,3.5,,,,,,,,,,,
372.568,2.00E+07,32 802.165 ,5.5,,,,,,,,,,,
 , , ,#VALUE!,,,,,,,,,,,
372.802,2.90E+07,32 492.038 ,5.5,,,,,,,,,,, 
372.842,4.31E+07,32 269.252 ,7.5,,,,,,,,,,,
374.806,1.78E+07,32 492.038 ,5.5,,,,,,,,,,,
375.145, ,36 923.789 ,4.5,,,,,,,,,,,
375.543, ,29 984.052 ,1.5,,,,,,,,,,,
 , , ,#VALUE!,,,,,,,,,,,
376.298, ,33 908.193 ,4.5,,,,,,,,,,, 
376.412,2.14E+07,29 438.817 ,5.5,,,,,,,,,,,
376.504, ,31 075.603 ,4.5,,,,,,,,,,,
376.876, ,34 928.969 ,4.5,,,,,,,,,,,
377.076, ,33 574.145 ,1.5,,,,,,,,,,,
 , , ,#VALUE!,,,,,,,,,,,
377.16,1.67E+07,30 829.124 ,3.5,,,,,,,,,,, 
377.661,1.00E+07,30 065.164 ,3.5,,,,,,,,,,,
378.162,2.56E+07,30 702.610 ,4.5,,,,,,,,,,,
378.252, ,30 425.349 ,2.5,,,,,,,,,,,
378.358, ,32 138.698 ,2.5,,,,,,,,,,,
 , , ,#VALUE!,,,,,,,,,,,
378.663,2.51E+07,27 811.496 ,3.5,,,,,,,,,,, 
378.875,1.65E+07,30 180.096 ,6.5,,,,,,,,,,,
379.232,1.81E+07,30 065.164 ,3.5,,,,,,,,,,,
380.152,1.39E+08,33 531.388 ,6.5,,,,,,,,,,,
380.309,2.49E+07,29 166.597 ,4.5,,,,,,,,,,,
 , , ,#VALUE!,,,,,,,,,,,
380.811,2.77E+07,28 634.516 ,5.5,,,,,,,,,,, 
380.921,2.03E+07,31 155.623 ,6.5,,,,,,,,,,,
381.22, ,30 961.518 ,1.5,,,,,,,,,,,
381.585,1.51E+07,27 187.047 ,3.5,,,,,,,,,,,
381.585, ,32 716.647 ,2.5,,,,,,,,,,,
 , , ,#VALUE!,,,,,,,,,,,
381.746, ,31 032.611 ,0.5,,,,,,,,,,, 
381.902,2.72E+07,30 637.157 ,2.5,,,,,,,,,,,
382.39,1.51E+07,28 725.148 ,4.5,,,,,,,,,,,
383.055, ,33 811.567 ,4.5,,,,,,,,,,,
383.108, ,29 948.914 ,2.5,,,,,,,,,,,
 , , ,#VALUE!,,,,,,,,,,,
383.455,1.24E+07,28 634.516 ,5.5,,,,,,,,,,, 
383.61,8.50E+06,27 934.638 ,4.5,,,,,,,,,,,
383.854,5.50E+07,28 685.758 ,2.5,,,,,,,,,,,
384.376,1.40E+07,33 531.388 ,6.5,,,,,,,,,,,
384.652, ,34 166.039 ,1.5,,,,,,,,,,,
 , , ,#VALUE!,,,,,,,,,,,
384.81,1.31E+07,30 245.878 ,4.5,,,,,,,,,,, 
384.859,2.74E+07,30 180.096 ,6.5,,,,,,,,,,,
385.315,1.75E+07,25 945.396 ,3.5,,,,,,,,,,,
385.418,4.31E+07,27 812.398 ,2.5,,,,,,,,,,,
385.431,3.97E+07,27 811.496 ,3.5,,,,,,,,,,,
 , , ,#VALUE!,,,,,,,,,,,
385.529,1.95E+07,30 134.910 ,5.5,,,,,,,,,,, 
385.702,2.10E+07,31 738.484 ,5.5,,,,,,,,,,,
385.764,1.30E+07,28 297.473 ,3.5,,,,,,,,,,,
386.246, ,31 558.626 ,3.5,,,,,,,,,,,
386.813,5.70E+06,29 438.817 ,5.5,,,,,,,,,,,
 , , ,#VALUE!,,,,,,,,,,,
387.468, ,33 977.140 ,3.5,,,,,,,,,,, 
387.697, ,30 245.878 ,4.5,,,,,,,,,,,
387.836,2.49E+07,27 187.047 ,3.5,,,,,,,,,,,
388.245,1.44E+08,28 345.313 ,0.5,,,,,,,,,,,
388.998,4.19E+07,31 155.623 ,6.5,,,,,,,,,,,
 , , ,#VALUE!,,,,,,,,,,,
389.075,1.84E+07,27 835.233 ,1.5,,,,,,,,,,, 
389.098,7.30E+06,28 334.756 ,4.5,,,,,,,,,,,
389.511, ,29 029.353 ,1.5,,,,,,,,,,,
389.68,2.95E+07,30 166.057 ,3.5,,,,,,,,,,,
389.827,1.67E+07,29 438.817 ,5.5,,,,,,,,,,,
 , , ,#VALUE!,,,,,,,,,,,
389.894, ,27 514.660 ,3.5,,,,,,,,,,, 
390.334,6.70E+06,30 134.910 ,5.5,,,,,,,,,,,
390.434,1.47E+07,30 065.164 ,3.5,,,,,,,,,,,
390.692, ,29 790.270 ,0.5,,,,,,,,,,,
390.729, ,34 513.468 ,6.5,,,,,,,,,,,
 , , ,#VALUE!,,,,,,,,,,,
390.841,4.24E+07,32 492.038 ,5.5,,,,,,,,,,, 
390.854,2.39E+07,29 281.374 ,2.5,,,,,,,,,,,
390.931,1.00E+07,29 166.597 ,4.5,,,,,,,,,,,
391.219,1.51E+07,30 065.164 ,3.5,,,,,,,,,,,
391.244,2.47E+07,27 934.638 ,4.5,,,,,,,,,,,
 , , ,#VALUE!,,,,,,,,,,,
391.552, ,31 207.927 ,3.5,,,,,,,,,,, 
391.614,1.19E+07,29 794.517 ,3.5,,,,,,,,,,,
391.764,1.99E+07,30 637.157 ,2.5,,,,,,,,,,,
391.828, ,31 130.983 ,3.5,,,,,,,,,,,
391.981,2.24E+07,31 155.623 ,6.5,,,,,,,,,,,
 , , ,#VALUE!,,,,,,,,,,,
392.173, ,31 207.927 ,3.5,,,,,,,,,,, 
392.311,4.42E+07,29 994.041 ,2.5,,,,,,,,,,,
392.464, ,29 984.052 ,1.5,,,,,,,,,,,
393.109,1.46E+07,26 841.384 ,4.5,,,,,,,,,,,
393.137,1.54E+07,27 811.496 ,3.5,,,,,,,,,,,
 , , ,#VALUE!,,,,,,,,,,,
393.183, ,31 369.093 ,2.5,,,,,,,,,,, 
393.373, ,31 089.731 ,5.5,,,,,,,,,,,
393.809, ,29 908.904 ,4.5,,,,,,,,,,,
394.034,2.33E+07,27 934.638 ,4.5,,,,,,,,,,,
394.097,1.46E+07,28 730.712 ,3.5,,,,,,,,,,,
 , , ,#VALUE!,,,,,,,,,,,
394.215,4.31E+07,25 359.686 ,2.5,,,,,,,,,,, 
394.275,1.32E+08,32 269.252 ,7.5,,,,,,,,,,,
394.389,5.50E+07,31 738.484 ,5.5,,,,,,,,,,,
394.797,1.29E+07,28 685.758 ,2.5,,,,,,,,,,,
395.254,3.35E+07,27 934.638 ,4.5,,,,,,,,,,,
 , , ,#VALUE!,,,,,,,,,,,
395.366,1.64E+07,29 281.374 ,2.5,,,,,,,,,,, 
395.536, ,32 616.019 ,4.5,,,,,,,,,,,
395.606, ,31 089.731 ,5.5,,,,,,,,,,,
395.628,3.98E+07,30 180.096 ,6.5,,,,,,,,,,,
395.827, ,31 075.603 ,4.5,,,,,,,,,,,
 , , ,#VALUE!,,,,,,,,,,,
395.887, ,32 314.466 ,0.5,,,,,,,,,,, 
396.091,4.59E+07,27 835.233 ,1.5,,,,,,,,,,,
396.45,1.57E+07,27 812.398 ,2.5,,,,,,,,,,,
396.705,4.74E+07,27 835.233 ,1.5,,,,,,,,,,,
397.168,1.64E+07,29 166.597 ,4.5,,,,,,,,,,,
 , , ,#VALUE!,,,,,,,,,,,
397.207, ,31 558.626 ,3.5,,,,,,,,,,, 
397.507, ,32 862.767 ,3.5,,,,,,,,,,,
397.865,6.00E+07,29 449.778 ,1.5,,,,,,,,,,,
398.088,3.22E+07,30 829.124 ,3.5,,,,,,,,,,,
398.289,1.81E+07,31 738.484 ,5.5,,,,,,,,,,,
 , , ,#VALUE!,,,,,,,,,,,
398.329,8.90E+06,29 263.338 ,5.5,,,,,,,,,,, 
398.468,3.47E+07,32 802.165 ,5.5,,,,,,,,,,,
398.944, ,32 318.175 ,3.5,,,,,,,,,,,
399.239,2.08E+07,28 634.516 ,5.5,,,,,,,,,,,
399.291, ,30 961.518 ,1.5,,,,,,,,,,,
 , , ,#VALUE!,,,,,,,,,,,
399.382,8.10E+07,32 372.621 ,4.5,,,,,,,,,,, 
399.924,3.96E+07,27 379.949 ,5.5,,,,,,,,,,,
400.156,1.79E+07,29 994.041 ,2.5,,,,,,,,,,,
400.377,6.80E+07,32 492.038 ,5.5,,,,,,,,,,,
400.564,9.80E+06,25 945.396 ,3.5,,,,,,,,,,,
 , , ,#VALUE!,,,,,,,,,,,
400.759, ,29 790.270 ,0.5,,,,,,,,,,, 
401.239,6.70E+07,29 438.817 ,5.5,,,,,,,,,,,
401.49,2.59E+07,29 166.597 ,4.5,,,,,,,,,,,
401.588, ,33 296.805 ,4.5,,,,,,,,,,,
401.904, ,33 050.291 ,1.5,,,,,,,,,,,
 , , ,#VALUE!,,,,,,,,,,,
402.227, ,33 908.193 ,4.5,,,,,,,,,,, 
402.449,1.86E+07,28 634.516 ,5.5,,,,,,,,,,,
402.515,3.45E+07,28 345.313 ,0.5,,,,,,,,,,,
402.841,1.85E+07,27 379.949 ,5.5,,,,,,,,,,,
403.034, ,27 187.047 ,3.5,,,,,,,,,,,
 , , ,#VALUE!,,,,,,,,,,,
403.134,1.97E+07,27 379.949 ,5.5,,,,,,,,,,, 
403.767,1.43E+07,30 702.610 ,4.5,,,,,,,,,,,
404.076,6.60E+07,28 334.756 ,4.5,,,,,,,,,,,
404.258,4.11E+07,28 725.148 ,4.5,,,,,,,,,,,
404.521, ,31 234.878 ,2.5,,,,,,,,,,,
 , , ,#VALUE!,,,,,,,,,,,
404.634,2.85E+07,29 166.597 ,4.5,,,,,,,,,,, 
405.143,9.50E+06,29 794.517 ,3.5,,,,,,,,,,,
405.199,1.19E+07,30 637.157 ,2.5,,,,,,,,,,,
405.351,1.00E+07,24 663.053 ,4.5,,,,,,,,,,,
405.499, ,27 249.669 ,2.5,,,,,,,,,,,
 , , ,#VALUE!,,,,,,,,,,,
406.222, ,35 625.700 ,3.5,,,,,,,,,,, 
406.294,8.40E+06,27 187.047 ,3.5,,,,,,,,,,,
406.728, ,33 111.163 ,3.5,,,,,,,,,,,
406.884,2.73E+07,30 245.878 ,4.5,,,,,,,,,,,
407.181,3.15E+07,27 187.047 ,3.5,,,,,,,,,,,
 , , ,#VALUE!,,,,,,,,,,,
407.292,1.15E+07,27 187.047 ,3.5,,,,,,,,,,, 
407.348,1.09E+08,28 396.150 ,2.5,,,,,,,,,,,
407.374, ,32 989.218 ,3.5,,,,,,,,,,,
407.571,4.87E+07,30 180.096 ,6.5,,,,,,,,,,,
407.585,4.86E+07,29 438.817 ,5.5,,,,,,,,,,,
 , , ,#VALUE!,,,,,,,,,,,
407.624, ,31 043.110 ,2.5,,,,,,,,,,, 
407.747, ,26 900.354 ,3.5,,,,,,,,,,,
407.832, ,32 235.239 ,3.5,,,,,,,,,,,
407.852, ,31 966.748 ,2.5,,,,,,,,,,,
408.044,6.70E+06,27 379.949 ,5.5,,,,,,,,,,,
 , , ,#VALUE!,,,,,,,,,,,
408.122, ,28 349.582 ,3.5,,,,,,,,,,, 
408.323,6.20E+07,30 134.910 ,5.5,,,,,,,,,,,
408.523,2.81E+07,29 908.904 ,4.5,,,,,,,,,,,
408.736,7.50E+06,28 725.148 ,4.5,,,,,,,,,,,
408.885,1.75E+07,30 166.057 ,3.5,,,,,,,,,,,
 , , ,#VALUE!,,,,,,,,,,,
410.177,3.14E+07,31 340.393 ,6.5,,,,,,,,,,, 
410.5, ,32 885.367 ,2.5,,,,,,,,,,,
410.742,2.89E+07,28 334.756 ,4.5,,,,,,,,,,,
411.038, ,33 111.163 ,3.5,,,,,,,,,,,
411.139,1.46E+07,30 134.910 ,5.5,,,,,,,,,,,
 , , ,#VALUE!,,,,,,,,,,,
411.537, ,31 747.243 ,1.5,,,,,,,,,,, 
411.701, ,35 298.190 ,2.5,,,,,,,,,,,
411.729,1.39E+07,30 245.878 ,4.5,,,,,,,,,,,
411.759, ,34 920.788 ,3.5,,,,,,,,,,,
411.814,6.60E+07,29 892.677 ,3.5,,,,,,,,,,,
 , , ,#VALUE!,,,,,,,,,,,
411.902,1.47E+07,28 730.712 ,3.5,,,,,,,,,,, 
411.979, ,33 040.353 ,4.5,,,,,,,,,,,
411.988,1.87E+07,26 900.354 ,3.5,,,,,,,,,,,
411.988,2.30E+06,28 725.148 ,4.5,,,,,,,,,,,
412.083,1.66E+07,26 841.384 ,4.5,,,,,,,,,,,
 , , ,#VALUE!,,,,,,,,,,,
412.324,1.58E+07,30 065.164 ,3.5,,,,,,,,,,, 
412.349, ,31 966.748 ,2.5,,,,,,,,,,,
412.387,6.80E+07,31 155.623 ,6.5,,,,,,,,,,,
412.479,2.57E+07,29 750.547 ,5.5,,,,,,,,,,,
412.737,7.90E+07,29 735.413 ,4.5,,,,,,,,,,,
 , , ,#VALUE!,,,,,,,,,,,
412.774,2.24E+07,28 730.712 ,3.5,,,,,,,,,,, 
412.807,1.18E+07,27 811.496 ,3.5,,,,,,,,,,,
413.071,2.49E+07,28 725.148 ,4.5,,,,,,,,,,,
413.11, ,26 841.384 ,4.5,,,,,,,,,,,
413.38, ,31 151.534 ,5.5,,,,,,,,,,,
 , , ,#VALUE!,,,,,,,,,,,
413.544,2.12E+07,28 685.758 ,2.5,,,,,,,,,,, 
413.747,2.11E+07,29 281.374 ,2.5,,,,,,,,,,,
413.765,8.20E+07,28 327.071 ,5.5,,,,,,,,,,,
413.81, ,31 613.833 ,0.5,,,,,,,,,,,
413.835, ,35 026.944 ,4.5,,,,,,,,,,,
 , , ,#VALUE!,,,,,,,,,,,
414.24,5.43E+07,29 750.547 ,5.5,,,,,,,,,,, 
414.449,1.79E+07,27 975.619 ,4.5,,,,,,,,,,,
414.5,4.91E+07,29 735.413 ,4.5,,,,,,,,,,,
414.623,2.46E+07,28 634.516 ,5.5,,,,,,,,,,,
414.89, ,32 885.367 ,2.5,,,,,,,,,,,
 , , ,#VALUE!,,,,,,,,,,,
414.979,8.20E+06,29 807.078 ,3.5,,,,,,,,,,, 
414.994,3.40E+07,29 908.904 ,4.5,,,,,,,,,,,
415.091, ,32 616.019 ,4.5,,,,,,,,,,,
415.197,7.50E+07,29 591.873 ,6.5,,,,,,,,,,,
415.313,7.60E+06,25 945.396 ,3.5,,,,,,,,,,,
 , , ,#VALUE!,,,,,,,,,,,
415.903, ,32 318.175 ,3.5,,,,,,,,,,, 
416.352, ,35 026.944 ,4.5,,,,,,,,,,,
416.561,9.00E+07,31 340.393 ,6.5,,,,,,,,,,,
416.688, ,34 861.526 ,5.5,,,,,,,,,,,
416.78, ,33 040.353 ,4.5,,,,,,,,,,,
 , , ,#VALUE!,,,,,,,,,,,
416.977,1.36E+07,29 794.517 ,3.5,,,,,,,,,,, 
416.988,2.12E+07,28 297.473 ,3.5,,,,,,,,,,,
417.67, ,32 989.218 ,3.5,,,,,,,,,,,
418.108, ,29 029.353 ,1.5,,,,,,,,,,,
418.533,1.64E+07,27 249.669 ,2.5,,,,,,,,,,,
 , , ,#VALUE!,,,,,,,,,,,
418.66, ,30 846.582 ,7.5,,,,,,,,,,, 
418.732,1.42E+07,28 334.756 ,4.5,,,,,,,,,,,
419.309, ,31 075.603 ,4.5,,,,,,,,,,,
419.309,6.60E+06,29 807.078 ,3.5,,,,,,,,,,,
419.328,4.17E+07,32 372.621 ,4.5,,,,,,,,,,,
 , , ,#VALUE!,,,,,,,,,,,
419.387,1.56E+07,28 297.473 ,3.5,,,,,,,,,,, 
419.634,2.16E+07,27 187.047 ,3.5,,,,,,,,,,,
419.8, ,28 725.148 ,4.5,,,,,,,,,,,
419.867, ,31 151.534 ,5.5,,,,,,,,,,,
419.867, ,31 151.534 ,5.5,,,,,,,,,,,
 , , ,#VALUE!,,,,,,,,,,,
419.872,1.80E+07,27 975.619 ,4.5,,,,,,,,,,, 
420.124, ,31 089.731 ,5.5,,,,,,,,,,,
420.132, ,32 197.982 ,4.5,,,,,,,,,,,
420.294,2.20E+07,28 297.473 ,3.5,,,,,,,,,,,
420.294,1.08E+07,27 379.949 ,5.5,,,,,,,,,,,
 , , ,#VALUE!,,,,,,,,,,,
420.941,7.80E+06,29 263.338 ,5.5,,,,,,,,,,, 
421.404,1.11E+07,28 634.516 ,5.5,,,,,,,,,,,
421.759, ,32 235.239 ,3.5,,,,,,,,,,,
422.26,2.67E+07,24 663.053 ,4.5,,,,,,,,,,,
422.775,2.50E+07,29 263.338 ,5.5,,,,,,,,,,,
 , , ,#VALUE!,,,,,,,,,,,
423.174, ,33 659.968 ,5.5,,,,,,,,,,, 
423.421,1.43E+07,27 812.398 ,2.5,,,,,,,,,,,
423.602,1.50E+07,28 337.814 ,2.5,,,,,,,,,,,
423.992,3.68E+07,27 432.782 ,4.5,,,,,,,,,,,
424.272,1.19E+07,25 945.396 ,3.5,,,,,,,,,,,
 , , ,#VALUE!,,,,,,,,,,,
424.589, ,29 364.740 ,3.5,,,,,,,,,,, 
424.598,1.54E+07,27 811.496 ,3.5,,,,,,,,,,,
424.672,2.56E+07,25 681.488 ,1.5,,,,,,,,,,,
424.868,4.03E+07,29 043.854 ,6.5,,,,,,,,,,,
425.337,1.74E+07,27 249.669 ,2.5,,,,,,,,,,,
 , , ,#VALUE!,,,,,,,,,,,
425.579,2.70E+07,29 166.597 ,4.5,,,,,,,,,,, 
426.343, ,31 851.397 ,2.5,,,,,,,,,,,
427.019,1.96E+07,27 934.638 ,4.5,,,,,,,,,,,
427.072, ,31 130.983 ,3.5,,,,,,,,,,,
427.886,6.30E+06,25 945.396 ,3.5,,,,,,,,,,,
 , , ,#VALUE!,,,,,,,,,,,
428.537, ,30 669.702 ,4.5,,,,,,,,,,, 
428.866,5.25E+06,25 945.396 ,3.5,,,,,,,,,,,
428.944,8.00E+06,26 900.354 ,3.5,,,,,,,,,,,
428.994,5.84E+07,25 945.396 ,3.5,,,,,,,,,,,
429.607, ,32 197.982 ,4.5,,,,,,,,,,,
 , , ,#VALUE!,,,,,,,,,,,
429.607,5.10E+06,29 908.904 ,4.5,,,,,,,,,,, 
429.667,5.32E+07,27 432.782 ,4.5,,,,,,,,,,,
429.678,2.35E+07,30 180.096 ,6.5,,,,,,,,,,,
429.936,9.90E+06,24 663.053 ,4.5,,,,,,,,,,,
430.033,2.21E+07,26 841.384 ,4.5,,,,,,,,,,,
 , , ,#VALUE!,,,,,,,,,,,
430.514,2.03E+07,30 134.910 ,5.5,,,,,,,,,,, 
430.672,2.42E+07,27 378.515 ,5.5,,,,,,,,,,,
430.974,1.55E+07,26 900.354 ,3.5,,,,,,,,,,,
432.072,1.45E+07,26 841.384 ,4.5,,,,,,,,,,,
433.045,1.30E+07,25 681.488 ,1.5,,,,,,,,,,,
 , , ,#VALUE!,,,,,,,,,,,
433.271,9.20E+06,28 725.148 ,4.5,,,,,,,,,,, 
433.271,2.54E+06,27 811.496 ,3.5,,,,,,,,,,,
433.623, ,28 730.712 ,3.5,,,,,,,,,,,
433.628, ,27 514.660 ,3.5,,,,,,,,,,,
433.777,4.35E+07,25 681.488 ,1.5,,,,,,,,,,,
 , , ,#VALUE!,,,,,,,,,,,
433.931, ,33 908.193 ,4.5,,,,,,,,,,, 
434.979,1.40E+07,28 634.516 ,5.5,,,,,,,,,,,
434.979,1.11E+07,27 249.669 ,2.5,,,,,,,,,,,
435.271,3.29E+07,27 812.398 ,2.5,,,,,,,,,,,
436.466,2.95E+07,26 900.354 ,3.5,,,,,,,,,,,
 , , ,#VALUE!,,,,,,,,,,,
437.382,9.70E+06,27 379.949 ,5.5,,,,,,,,,,, 
437.592,1.49E+07,26 841.384 ,4.5,,,,,,,,,,,
438.217,3.92E+07,28 327.071 ,5.5,,,,,,,,,,,
438.684,1.43E+07,24 663.053 ,4.5,,,,,,,,,,,
438.801,1.18E+07,29 750.547 ,5.5,,,,,,,,,,,
 , , ,#VALUE!,,,,,,,,,,,
439.166,5.29E+07,25 359.686 ,2.5,,,,,,,,,,, 
439.879,7.50E+06,27 187.047 ,3.5,,,,,,,,,,,
439.92,2.11E+07,25 359.686 ,2.5,,,,,,,,,,,
441.064, ,33 535.636 ,3.5,,,,,,,,,,,
441.076, ,30 120.406 ,1.5,,,,,,,,,,,
 , , ,#VALUE!,,,,,,,,,,,
441.69,7.40E+06,26 900.354 ,3.5,,,,,,,,,,, 
441.878,4.51E+07,29 591.873 ,6.5,,,,,,,,,,,
442.368, ,31 130.983 ,3.5,,,,,,,,,,,
442.707,9.90E+06,25 945.396 ,3.5,,,,,,,,,,,
442.792,1.67E+07,26 900.354 ,3.5,,,,,,,,,,,
 , , ,#VALUE!,,,,,,,,,,,
442.844,9.00E+06,26 841.384 ,4.5,,,,,,,,,,, 
442.927, ,31 344.828 ,3.5,,,,,,,,,,,
444.439, ,29 948.914 ,2.5,,,,,,,,,,,
444.47, ,31 024.076 ,2.5,,,,,,,,,,,
444.934,3.10E+07,27 379.949 ,5.5,,,,,,,,,,,
 , , ,#VALUE!,,,,,,,,,,,
445.073,2.30E+07,27 975.619 ,4.5,,,,,,,,,,, 
446.021,8.00E+07,26 268.203 ,3.5,,,,,,,,,,,
446.114,2.31E+07,29 750.547 ,5.5,,,,,,,,,,,
446.341, ,30 120.406 ,1.5,,,,,,,,,,,
446.754, ,26 900.354 ,3.5,,,,,,,,,,,
 , , ,#VALUE!,,,,,,,,,,,
447.124,5.60E+07,27 975.619 ,4.5,,,,,,,,,,, 
447.272,1.06E+07,25 945.396 ,3.5,,,,,,,,,,,
447.936,1.20E+07,26 841.384 ,4.5,,,,,,,,,,,
447.936,9.80E+06,25 681.488 ,1.5,,,,,,,,,,,
448.39,3.49E+07,29 263.338 ,5.5,,,,,,,,,,,
 , , ,#VALUE!,,,,,,,,,,,
448.691,2.20E+07,24 663.053 ,4.5,,,,,,,,,,, 
449.785, ,29 948.914 ,2.5,,,,,,,,,,,
451.586, ,30 669.702 ,4.5,,,,,,,,,,,
451.959, ,32 989.218 ,3.5,,,,,,,,,,,
452.308,3.42E+07,26 268.203 ,3.5,,,,,,,,,,,
 , , ,#VALUE!,,,,,,,,,,,
452.735,2.10E+07,24 663.053 ,4.5,,,,,,,,,,, 
452.735,4.60E+06,29 794.517 ,3.5,,,,,,,,,,,
452.847,4.52E+07,29 043.854 ,6.5,,,,,,,,,,,
453.249, ,35 716.083 ,5.5,,,,,,,,,,,
453.907, ,33 040.353 ,4.5,,,,,,,,,,,
 , , ,#VALUE!,,,,,,,,,,,
453.975,2.67E+07,24 663.053 ,4.5,,,,,,,,,,, 
454.496,8.80E+06,25 359.686 ,2.5,,,,,,,,,,,
455.13,1.22E+07,27 934.638 ,4.5,,,,,,,,,,,
456.028,4.07E+07,29 263.338 ,5.5,,,,,,,,,,,
456.096,1.78E+07,27 432.782 ,4.5,,,,,,,,,,,
 , , ,#VALUE!,,,,,,,,,,,
456.236,5.18E+07,25 766.355 ,4.5,,,,,,,,,,, 
456.584, ,30 669.702 ,4.5,,,,,,,,,,,
457.228,4.37E+07,27 378.515 ,5.5,,,,,,,,,,,
458.25,1.41E+07,27 432.782 ,4.5,,,,,,,,,,,
459.112,1.22E+07,30 702.610 ,4.5,,,,,,,,,,,
 , , ,#VALUE!,,,,,,,,,,,
459.393,3.11E+07,27 378.515 ,5.5,,,,,,,,,,, 
460.64,1.95E+07,29 043.854 ,6.5,,,,,,,,,,,
462.49, ,30 669.702 ,4.5,,,,,,,,,,,
462.816,4.25E+07,25 766.355 ,4.5,,,,,,,,,,,
465.429,8.70E+06,25 681.488 ,1.5,,,,,,,,,,,
 , , ,#VALUE!,,,,,,,,,,,
466.95, ,32 864.278 ,5.5,,,,,,,,,,, 
468.013,1.26E+07,29 892.677 ,3.5,,,,,,,,,,,
468.461,1.03E+07,28 634.516 ,5.5,,,,,,,,,,,
471.4,1.17E+07,30 134.910 ,5.5,,,,,,,,,,,
471.481,7.50E+06,29 735.413 ,4.5,,,,,,,,,,,
 , , ,#VALUE!,,,,,,,,,,,
472.509, ,25 359.686 ,2.5,,,,,,,,,,, 
473.352, ,31 234.878 ,2.5,,,,,,,,,,,
473.728,2.90E+07,29 892.677 ,3.5,,,,,,,,,,,
473.953, ,31 151.534 ,5.5,,,,,,,,,,,
474.717, ,23 640.563 ,4.5,,,,,,,,,,,
 , , ,#VALUE!,,,,,,,,,,,
475.784,5.70E+06,28 725.148 ,4.5,,,,,,,,,,, 
476.877,4.70E+06,27 975.619 ,4.5,,,,,,,,,,,
477.394,2.00E+07,28 396.150 ,2.5,,,,,,,,,,,
488.246,3.58E+07,32 802.165 ,5.5,,,,,,,,,,,
497.15, ,34 513.468 ,6.5,,,,,,,,,,,
 , , ,#VALUE!,,,,,,,,,,,
501.177,1.43E+07,28 396.150 ,2.5,,,,,,,,,,, 
502.287,9.20E+06,28 327.071 ,5.5,,,,,,,,,,,
503.778,7.00E+06,27 975.619 ,4.5,,,,,,,,,,,
504.402,1.35E+07,29 591.873 ,6.5,,,,,,,,,,,
507.535,1.15E+07,27 975.619 ,4.5,,,,,,,,,,,
 , , ,#VALUE!,,,,,,,,,,,
507.968, ,30 846.582 ,7.5,,,,,,,,,,, 
511.717, ,30 846.582 ,7.5,,,,,,,,,,,
514.757,1.25E+07,29 735.413 ,4.5,,,,,,,,,,,
518.746,2.62E+07,29 043.854 ,6.5,,,,,,,,,,,
519.166,7.80E+06,26 268.203 ,3.5,,,,,,,,,,,
 , , ,#VALUE!,,,,,,,,,,,
523.292,1.00E+07,29 750.547 ,5.5,,,,,,,,,,, 
526.571,1.00E+07,29 043.854 ,6.5,,,,,,,,,,,
527.423,2.68E+07,27 378.515 ,5.5,,,,,,,,,,,
533.054,9.30E+06,25 766.355 ,4.5,,,,,,,,,,,
535.353,2.88E+07,25 766.355 ,4.5,,,,,,,,,,,
 , , ,#VALUE!,,,,,,,,,,,
539.34,1.99E+07,27 432.782 ,4.5,,,,,,,,,,, 
540.923,9.80E+06,27 378.515 ,5.5,,,,,,,,,,,
546.837,1.34E+07,29 591.873 ,6.5,,,,,,,,,,,
547.229, ,28 327.071 ,5.5,,,,,,,,,,,
551.208,1.13E+07,26 268.203 ,3.5,,,,,,,,,,,
 , , ,#VALUE!,,,,,,,,,,,
603.358, ,34 044.441 ,4.5,,,,,,,,,,, 
603.42,3.50E+06,28 327.071 ,5.5,,,,,,,,,,,
603.549,2.37E+06,29 591.873 ,6.5,,,,,,,,,,,
604.339,7.50E+06,26 268.203 ,3.5,,,,,,,,,,,
605.18, ,18 393.327 ,3.5,,,,,,,,,,,
 , , ,#VALUE!,,,,,,,,,,,
609.834, ,30 669.702 ,4.5,,,,,,,,,,, 
610.874,4.20E+06,29 892.677 ,3.5,,,,,,,,,,,
613.2, ,31 130.983 ,3.5,,,,,,,,,,,
614.336, ,29 948.914 ,2.5,,,,,,,,,,,
623.245,2.20E+06,25 766.355 ,4.5,,,,,,,,,,,
 , , ,#VALUE!,,,,,,,,,,,
627.205,1.11E+07,28 396.150 ,2.5,,,,,,,,,,, 
629.951, ,31 151.534 ,5.5,,,,,,,,,,,
634.395, ,18 393.327 ,3.5,,,,,,,,,,,
637.111,6.60E+06,28 396.150 ,2.5,,,,,,,,,,,
639.302, ,27 379.949 ,5.5,,,,,,,,,,,
 , , ,#VALUE!,,,,,,,,,,,
642.529, ,33 535.636 ,3.5,,,,,,,,,,, 
646.688,3.60E+06,29 735.413 ,4.5,,,,,,,,,,,
650.327, ,32 372.621 ,4.5,,,,,,,,,,,
650.716,1.39E+06,29 750.547 ,5.5,,,,,,,,,,,
651.359, ,29 735.413 ,4.5,,,,,,,,,,,
 , , ,#VALUE!,,,,,,,,,,,
660.686, ,28 349.582 ,3.5,,,,,,,,,,, 
665.272, ,27 353.67  ,7.5,,,,,,,,,,,
667.554, ,27 432.782 ,4.5,,,,,,,,,,,
670.452, ,34 861.526 ,5.5,,,,,,,,,,,
670.604,1.92E+06,29 735.413 ,4.5,,,,,,,,,,,
 , , ,#VALUE!,,,,,,,,,,,
674.47, ,28 349.582 ,3.5,,,,,,,,,,, 
677.428, ,27 975.619 ,4.5,,,,,,,,,,,
682.973,1.68E+06,29 263.338 ,5.5,,,,,,,,,,,
689.845, ,32 885.367 ,2.5,,,,,,,,,,,
697.35, ,33 040.353 ,4.5,,,,,,,,,,,
 , , ,#VALUE!,,,,,,,,,,,
698.382,8.80E+05,27 432.782 ,4.5,,,,,,,,,,, 
705.868, ,16 545.269 ,5.5,,,,,,,,,,,
706.175,8.10E+06,29 750.547 ,5.5,,,,,,,,,,,
708.635,1.26E+07,31 340.393 ,6.5,,,,,,,,,,,
710.504, ,18 393.327 ,3.5,,,,,,,,,,,
 , , ,#VALUE!,,,,,,,,,,,
711.508, ,28 327.071 ,5.5,,,,,,,,,,, 
715.023, ,29 263.338 ,5.5,,,,,,,,,,,
718.94, ,27 432.782 ,4.5,,,,,,,,,,,
720.156, ,18 393.327 ,3.5,,,,,,,,,,,
723.836,1.96E+06,26 268.203 ,3.5,,,,,,,,,,,
 , , ,#VALUE!,,,,,,,,,,,
730.142, ,28 096.58  ,8.5,,,,,,,,,,, 
731.345, ,29 263.338 ,5.5,,,,,,,,,,,
733.468, ,33 111.163 ,3.5,,,,,,,,,,,
741.794, ,15 859.363 ,4.5,,,,,,,,,,,
748.657, ,33 908.193 ,4.5,,,,,,,,,,,
 , , ,#VALUE!,,,,,,,,,,,
761.611, ,25 492.251 ,5.5,,,,,,,,,,, 
768.917, ,25 753.492 ,6.5,,,,,,,,,,,
784.494, ,27 706.631 ,6.5,,,,,,,,,,,
785.002, ,18 704.313 ,5.5,,,,,,,,,,,
785.118,1.99E+06,28 327.071 ,5.5,,,,,,,,,,,
 , , ,#VALUE!,,,,,,,,,,,
785.754, ,19 982.187 ,4.5,,,,,,,,,,, 
789.896, ,19 950.340 ,6.5,,,,,,,,,,,
793.45, ,28 117.519 ,7.5,,,,,,,,,,,
802.556, ,12 456.746 ,3.5,,,,,,,,,,,
824.155, ,13 117.922 ,4.5,,,,,,,,,,,
 , , ,#VALUE!,,,,,,,,,,,
841.823, ,18 393.327 ,3.5,,,,,,,,,,, 
853.908, ,13 117.922 ,4.5,,,,,,,,,,,
870.238, ,15 281.602 ,6.5,,,,,,,,,,,
877.214, ,14 276.298 ,5.5,,,,,,,,,,,
889.12, ,13 117.922 ,4.5,,,,,,,,,,,
,,,,,,,,,,,,,,
,,,,,,,,,,,,,, 
,,,,,,,,,,,,,,
,,,,,,,,,,,,,,
,,,,,,,,,,,,,,
,,,,,,,,,,,,,,
,,,,,,,,,,,,,,
,,,,,,,,,,,,,, 
,,,,,,,,,,,,,,
,,,,,,,,,,,,,,
,,,,,,,,,,,,,,
,,,,,,,,,,,,,,
,,,,,,,,,,,,,,
,,,,,,,,,,,,,, 
,,,,,,,,,,,,,,
,,,,,,,,,,,,,,
,,,,,,,,,,,,,,
,,,,,,,,,,,,,,
,,,,,,,,,,,,,,
,,,,,,,,,,,,,, 
